session_id,participant_id,condition,condition_label,window,phase,R_b,AI_accuracy,P,P_initial,cal_gap,appropriate_reliance,perf_gain,selfconf,aiconf,switch_to_ai,switch_from_ai,n_followed,n_ai_accurate,n_correct
P10_C1,10,1,High_to_Low,1,pre_switch,0.8,0.8,0.8,0.4,0.0,1.0,0.4,0.05,0.95,0.6,0.0,4,4,4
P10_C1,10,1,High_to_Low,2,pre_switch,0.8,0.6,0.4,0.2,0.2,0.4,0.2,0.3,0.9,0.6,0.0,4,3,2
P10_C1,10,1,High_to_Low,3,pre_switch,0.4,0.8,0.8,0.6,-0.4,0.6,0.2,0.45,0.75,0.4,0.0,2,4,4
P10_C1,10,1,High_to_Low,4,pre_switch,0.6,1.0,0.6,0.6,-0.4,0.6,0.0,0.5,0.95,0.0,0.0,3,5,3
P10_C1,10,1,High_to_Low,5,post_switch,0.4,0.2,0.4,0.2,0.2,0.8,0.2,0.4,0.85,0.4,0.0,2,1,2
P10_C1,10,1,High_to_Low,6,post_switch,0.2,0.2,0.0,0.0,0.0,0.6,0.0,0.35,0.8,0.2,0.0,1,1,0
P10_C2,10,2,Low_to_High,1,pre_switch,0.0,0.2,0.6,0.6,-0.2,0.8,0.0,0.55,0.7,0.0,0.0,0,1,3
P10_C2,10,2,Low_to_High,2,pre_switch,0.6,0.4,0.4,0.2,0.2,0.4,0.2,0.45,0.5,0.4,0.0,3,2,2
P10_C2,10,2,Low_to_High,3,pre_switch,0.8,0.2,0.2,0.2,0.6,0.4,0.0,0.45,0.35,0.8,0.0,4,1,1
P10_C2,10,2,Low_to_High,4,pre_switch,0.2,0.0,0.6,0.8,0.2,0.8,-0.2,0.45,0.45,0.2,0.0,1,0,3
P10_C2,10,2,Low_to_High,5,post_switch,0.6,0.8,0.6,0.4,-0.2,0.4,0.2,0.45,0.45,0.4,0.0,3,4,3
P10_C2,10,2,Low_to_High,6,post_switch,0.2,0.8,0.4,0.4,-0.6,0.4,0.0,0.5,0.5,0.2,0.0,1,4,2
P11_C1,11,1,High_to_Low,1,pre_switch,0.8,0.8,0.8,0.2,0.0,1.0,0.6,0.75,0.75,0.6,0.0,4,4,4
P11_C1,11,1,High_to_Low,2,pre_switch,0.6,0.6,0.4,0.2,0.0,0.6,0.2,0.7,0.65,0.4,0.0,3,3,2
P11_C1,11,1,High_to_Low,3,pre_switch,1.0,0.8,0.8,0.4,0.2,0.8,0.4,0.45,0.7,1.0,0.0,5,4,4
P11_C1,11,1,High_to_Low,4,pre_switch,1.0,1.0,1.0,0.4,0.0,1.0,0.6,0.75,0.75,0.6,0.0,5,5,5
P11_C1,11,1,High_to_Low,5,post_switch,0.6,0.2,0.2,0.4,0.4,0.2,-0.2,0.7,0.5,0.6,0.0,3,1,1
P11_C1,11,1,High_to_Low,6,post_switch,0.4,0.2,0.2,0.6,0.2,0.4,-0.4,0.6,0.55,0.4,0.0,2,1,1
P11_C2,11,2,Low_to_High,1,pre_switch,0.0,0.2,0.4,0.4,-0.2,0.8,0.0,0.6,0.4,0.0,0.0,0,1,2
P11_C2,11,2,Low_to_High,2,pre_switch,0.2,0.4,0.4,0.2,-0.2,0.8,0.2,0.65,0.5,0.2,0.0,1,2,2
P11_C2,11,2,Low_to_High,3,pre_switch,0.4,0.2,0.2,0.2,0.2,0.8,0.0,0.35,0.45,0.2,0.0,2,1,1
P11_C2,11,2,Low_to_High,4,pre_switch,0.4,0.0,0.6,0.6,0.4,0.6,0.0,0.5,0.25,0.4,0.0,2,0,3
P11_C2,11,2,Low_to_High,5,post_switch,0.2,0.8,0.4,0.2,-0.6,0.4,0.2,0.45,0.5,0.2,0.0,1,4,2
P11_C2,11,2,Low_to_High,6,post_switch,0.6,0.8,0.6,0.4,-0.2,0.4,0.2,0.55,0.4,0.4,0.0,3,4,3
P12_C1,12,1,High_to_Low,1,pre_switch,0.8,0.8,0.8,0.4,0.0,1.0,0.4,0.8,0.95,0.4,0.0,4,4,4
P12_C1,12,1,High_to_Low,2,pre_switch,0.8,0.6,0.6,0.2,0.2,0.8,0.4,0.85,0.95,0.6,0.0,4,3,3
P12_C1,12,1,High_to_Low,3,pre_switch,0.4,0.8,0.4,0.2,-0.4,0.6,0.2,0.75,1.0,0.4,0.0,2,4,2
P12_C1,12,1,High_to_Low,4,pre_switch,0.6,1.0,0.6,0.2,-0.4,0.6,0.4,0.7,1.0,0.4,0.0,3,5,3
P12_C1,12,1,High_to_Low,5,post_switch,0.6,0.2,0.0,0.2,0.4,0.2,-0.2,0.85,0.9,0.6,0.0,3,1,0
P12_C1,12,1,High_to_Low,6,post_switch,0.2,0.2,0.4,0.4,0.0,0.6,0.0,0.65,0.85,0.0,0.0,1,1,2
P12_C2,12,2,Low_to_High,1,pre_switch,0.2,0.2,0.4,0.6,0.0,0.6,-0.2,0.45,0.7,0.2,0.0,1,1,2
P12_C2,12,2,Low_to_High,2,pre_switch,0.2,0.4,0.2,0.2,-0.2,0.4,0.0,0.55,0.55,0.2,0.0,1,2,1
P12_C2,12,2,Low_to_High,3,pre_switch,0.2,0.2,0.4,0.2,0.0,1.0,0.2,0.25,0.8,0.2,0.0,1,1,2
P12_C2,12,2,Low_to_High,4,pre_switch,0.2,0.0,0.4,0.4,0.2,0.8,0.0,0.6,0.75,0.2,0.0,1,0,2
P12_C2,12,2,Low_to_High,5,post_switch,0.4,0.8,0.4,0.2,-0.4,0.6,0.2,0.35,0.85,0.4,0.0,2,4,2
P12_C2,12,2,Low_to_High,6,post_switch,0.6,0.8,0.4,0.2,-0.2,0.4,0.2,0.6,0.9,0.6,0.0,3,4,2
P13_C1,13,1,High_to_Low,1,pre_switch,0.4,0.8,0.6,0.6,-0.4,0.6,0.0,0.65,0.7,0.0,0.0,2,4,3
P13_C1,13,1,High_to_Low,2,pre_switch,0.4,0.6,0.4,0.4,-0.2,0.8,0.0,0.55,0.75,0.2,0.0,2,3,2
P13_C1,13,1,High_to_Low,3,pre_switch,0.2,0.8,0.4,0.2,-0.6,0.4,0.2,0.35,0.6,0.2,0.0,1,4,2
P13_C1,13,1,High_to_Low,4,pre_switch,0.6,1.0,0.6,0.6,-0.4,0.6,0.0,0.4,0.5,0.0,0.0,3,5,3
P13_C1,13,1,High_to_Low,5,post_switch,0.2,0.2,0.2,0.2,0.0,0.6,0.0,0.35,0.55,0.2,0.0,1,1,1
P13_C1,13,1,High_to_Low,6,post_switch,0.2,0.2,0.8,0.6,0.0,1.0,0.2,0.45,0.65,0.2,0.0,1,1,4
P13_C2,13,2,Low_to_High,1,pre_switch,0.4,0.2,0.6,0.2,0.2,0.8,0.4,0.65,0.75,0.4,0.0,2,1,3
P13_C2,13,2,Low_to_High,2,pre_switch,0.2,0.4,0.6,0.4,-0.2,0.8,0.2,0.65,0.75,0.2,0.0,1,2,3
P13_C2,13,2,Low_to_High,3,pre_switch,0.4,0.2,0.2,0.2,0.2,0.8,0.0,0.45,0.75,0.2,0.0,2,1,1
P13_C2,13,2,Low_to_High,4,pre_switch,0.2,0.0,0.4,0.4,0.2,0.8,0.0,0.45,0.75,0.2,0.0,1,0,2
P13_C2,13,2,Low_to_High,5,post_switch,0.2,0.8,0.2,0.0,-0.6,0.4,0.2,0.3,0.75,0.2,0.0,1,4,1
P13_C2,13,2,Low_to_High,6,post_switch,0.4,0.8,0.4,0.2,-0.4,0.2,0.2,0.55,0.75,0.4,0.0,2,4,2
P14_C1,14,1,High_to_Low,1,pre_switch,0.2,0.8,0.2,0.0,-0.6,0.4,0.2,0.75,0.95,0.2,0.0,1,4,1
P14_C1,14,1,High_to_Low,2,pre_switch,0.2,0.6,0.4,0.4,-0.4,0.6,0.0,0.8,1.0,0.0,0.0,1,3,2
P14_C1,14,1,High_to_Low,3,pre_switch,0.0,0.8,0.0,0.0,-0.8,0.2,0.0,0.75,1.0,0.0,0.0,0,4,0
P14_C1,14,1,High_to_Low,4,pre_switch,0.2,1.0,0.2,0.4,-0.8,0.2,-0.2,0.75,1.0,0.0,0.2,1,5,1
P14_C1,14,1,High_to_Low,5,post_switch,0.2,0.2,0.0,0.0,0.0,0.6,0.0,0.75,1.0,0.0,0.0,1,1,0
P14_C1,14,1,High_to_Low,6,post_switch,0.0,0.2,0.0,0.0,-0.2,0.8,0.0,0.75,0.9,0.0,0.0,0,1,0
P14_C2,14,2,Low_to_High,1,pre_switch,0.2,0.2,0.4,0.6,0.0,0.6,-0.2,0.5,0.3,0.2,0.0,1,1,2
P14_C2,14,2,Low_to_High,2,pre_switch,0.2,0.4,0.6,0.4,-0.2,0.8,0.2,0.45,0.35,0.2,0.0,1,2,3
P14_C2,14,2,Low_to_High,3,pre_switch,0.2,0.2,0.2,0.2,0.0,0.6,0.0,0.3,0.45,0.0,0.0,1,1,1
P14_C2,14,2,Low_to_High,4,pre_switch,0.2,0.0,0.4,0.4,0.2,0.8,0.0,0.35,0.4,0.2,0.0,1,0,2
P14_C2,14,2,Low_to_High,5,post_switch,0.4,0.8,0.8,0.8,-0.4,0.6,0.0,0.65,0.6,0.2,0.0,2,4,4
P14_C2,14,2,Low_to_High,6,post_switch,0.4,0.8,0.4,0.2,-0.4,0.6,0.2,0.5,0.5,0.4,0.0,2,4,2
P15_C1,15,1,High_to_Low,1,pre_switch,0.4,0.8,0.6,0.4,-0.4,0.6,0.2,0.5,0.5,0.2,0.0,2,4,3
P15_C1,15,1,High_to_Low,2,pre_switch,0.6,0.6,0.4,0.4,0.0,0.6,0.0,0.25,0.2,0.4,0.0,3,3,2
P15_C1,15,1,High_to_Low,3,pre_switch,0.6,0.8,0.4,0.4,-0.2,0.4,0.0,0.2,0.3,0.6,0.0,3,4,2
P15_C1,15,1,High_to_Low,4,pre_switch,0.8,1.0,1.0,0.6,-0.2,0.8,0.4,0.95,0.6,0.2,0.0,4,5,5
P15_C1,15,1,High_to_Low,5,post_switch,0.6,0.2,0.0,0.0,0.4,0.2,0.0,0.1,0.1,0.4,0.0,3,1,0
P15_C1,15,1,High_to_Low,6,post_switch,0.4,0.2,0.2,0.0,0.2,0.8,0.2,0.0,0.15,0.4,0.0,2,1,1
P15_C2,15,2,Low_to_High,1,pre_switch,0.4,0.2,0.6,0.4,0.2,0.8,0.2,0.6,0.85,0.4,0.0,2,1,3
P15_C2,15,2,Low_to_High,2,pre_switch,0.2,0.4,0.4,0.2,-0.2,0.8,0.2,0.75,0.65,0.2,0.0,1,2,2
P15_C2,15,2,Low_to_High,3,pre_switch,0.8,0.2,0.0,0.0,0.6,0.0,0.0,0.7,0.55,0.8,0.0,4,1,0
P15_C2,15,2,Low_to_High,4,pre_switch,0.2,0.0,0.2,0.2,0.2,0.8,0.0,0.7,0.35,0.2,0.0,1,0,1
P15_C2,15,2,Low_to_High,5,post_switch,0.4,0.8,0.4,0.0,-0.4,0.6,0.4,0.75,0.45,0.4,0.0,2,4,2
P15_C2,15,2,Low_to_High,6,post_switch,0.6,0.8,0.6,0.2,-0.2,0.4,0.4,0.9,0.7,0.4,0.0,3,4,3
P16_C1,16,1,High_to_Low,1,pre_switch,0.8,0.8,0.6,0.4,0.0,0.6,0.2,0.6,0.7,0.4,0.0,4,4,3
P16_C1,16,1,High_to_Low,2,pre_switch,0.4,0.6,0.2,0.2,-0.2,0.4,0.0,0.45,0.5,0.2,0.0,2,3,1
P16_C1,16,1,High_to_Low,3,pre_switch,0.2,0.8,0.2,0.2,-0.6,0.0,0.0,0.25,0.25,0.2,0.0,1,4,1
P16_C1,16,1,High_to_Low,4,pre_switch,0.8,1.0,1.0,0.6,-0.2,0.8,0.4,0.3,0.35,0.4,0.0,4,5,5
P16_C1,16,1,High_to_Low,5,post_switch,0.6,0.2,0.4,0.4,0.4,0.6,0.0,0.3,0.3,0.2,0.0,3,1,2
P16_C1,16,1,High_to_Low,6,post_switch,0.4,0.2,0.0,0.0,0.2,0.4,0.0,0.25,0.25,0.4,0.0,2,1,0
P16_C2,16,2,Low_to_High,1,pre_switch,0.6,0.2,0.0,0.2,0.4,0.2,-0.2,0.45,0.45,0.6,0.0,3,1,0
P16_C2,16,2,Low_to_High,2,pre_switch,0.6,0.4,0.4,0.2,0.2,0.4,0.2,0.65,0.3,0.4,0.0,3,2,2
P16_C2,16,2,Low_to_High,3,pre_switch,0.6,0.2,0.2,0.2,0.4,0.6,0.0,0.65,0.3,0.4,0.0,3,1,1
P16_C2,16,2,Low_to_High,4,pre_switch,0.4,0.0,0.4,0.4,0.4,0.6,0.0,0.65,0.15,0.4,0.0,2,0,2
P16_C2,16,2,Low_to_High,5,post_switch,0.6,0.8,0.4,0.2,-0.2,0.4,0.2,0.55,0.4,0.6,0.0,3,4,2
P16_C2,16,2,Low_to_High,6,post_switch,0.4,0.8,0.8,0.4,-0.4,0.6,0.4,0.6,0.45,0.4,0.0,2,4,4
P17_C1,17,1,High_to_Low,1,pre_switch,0.4,0.8,0.4,0.4,-0.4,0.6,0.0,0.0,0.5,0.2,0.0,2,4,2
P17_C1,17,1,High_to_Low,2,pre_switch,0.6,0.6,0.6,0.4,0.0,0.6,0.2,0.0,0.5,0.4,0.0,3,3,3
P17_C1,17,1,High_to_Low,3,pre_switch,0.4,0.8,0.4,0.2,-0.4,0.6,0.2,0.0,0.5,0.4,0.0,2,4,2
P17_C1,17,1,High_to_Low,4,pre_switch,0.8,1.0,1.0,0.6,-0.2,0.8,0.4,0.0,0.5,0.4,0.0,4,5,5
P17_C1,17,1,High_to_Low,5,post_switch,0.6,0.2,0.2,0.4,0.4,0.2,-0.2,0.0,0.5,0.4,0.0,3,1,1
P17_C1,17,1,High_to_Low,6,post_switch,0.4,0.2,0.6,0.4,0.2,0.8,0.2,0.0,0.5,0.4,0.0,2,1,3
P17_C2,17,2,Low_to_High,1,pre_switch,0.6,0.2,0.0,0.4,0.4,0.2,-0.4,0.4,0.35,0.6,0.0,3,1,0
P17_C2,17,2,Low_to_High,2,pre_switch,0.4,0.4,0.2,0.0,0.0,0.6,0.2,0.45,0.3,0.4,0.0,2,2,1
P17_C2,17,2,Low_to_High,3,pre_switch,0.8,0.2,0.2,0.2,0.6,0.4,0.0,0.3,0.35,0.6,0.0,4,1,1
P17_C2,17,2,Low_to_High,4,pre_switch,0.4,0.0,0.2,0.4,0.4,0.6,-0.2,0.55,0.45,0.4,0.0,2,0,1
P17_C2,17,2,Low_to_High,5,post_switch,0.6,0.8,0.4,0.2,-0.2,0.4,0.2,0.5,0.5,0.4,0.0,3,4,2
P17_C2,17,2,Low_to_High,6,post_switch,0.0,0.8,0.0,0.0,-0.8,0.2,0.0,0.5,0.5,0.0,0.0,0,4,0
P18_C1,18,1,High_to_Low,1,pre_switch,0.6,0.8,0.6,0.0,-0.2,0.8,0.6,0.45,0.75,0.6,0.0,3,4,3
P18_C1,18,1,High_to_Low,2,pre_switch,0.6,0.6,0.4,0.4,0.0,0.6,0.0,0.45,0.8,0.4,0.0,3,3,2
P18_C1,18,1,High_to_Low,3,pre_switch,0.8,0.8,1.0,0.4,0.0,1.0,0.6,0.5,0.8,0.8,0.0,4,4,5
P18_C1,18,1,High_to_Low,4,pre_switch,0.6,1.0,0.6,0.4,-0.4,0.6,0.2,0.45,0.8,0.4,0.0,3,5,3
P18_C1,18,1,High_to_Low,5,post_switch,0.6,0.2,0.2,0.2,0.4,0.2,0.0,0.25,0.2,0.4,0.0,3,1,1
P18_C1,18,1,High_to_Low,6,post_switch,0.0,0.2,0.2,0.2,-0.2,0.8,0.0,0.15,0.3,0.0,0.0,0,1,1
P18_C2,18,2,Low_to_High,1,pre_switch,0.0,0.2,0.4,0.4,-0.2,0.8,0.0,0.55,0.4,0.0,0.0,0,1,2
P18_C2,18,2,Low_to_High,2,pre_switch,0.6,0.4,0.4,0.2,0.2,0.4,0.2,0.5,0.4,0.6,0.0,3,2,2
P18_C2,18,2,Low_to_High,3,pre_switch,0.2,0.2,0.0,0.2,0.0,0.6,-0.2,0.35,0.55,0.2,0.0,1,1,0
P18_C2,18,2,Low_to_High,4,pre_switch,0.0,0.0,0.6,0.6,0.0,1.0,0.0,0.2,0.25,0.0,0.0,0,0,3
P18_C2,18,2,Low_to_High,5,post_switch,0.6,0.8,0.6,0.0,-0.2,0.8,0.6,0.0,0.2,0.6,0.0,3,4,3
P18_C2,18,2,Low_to_High,6,post_switch,0.4,0.8,0.8,0.4,-0.4,0.6,0.4,0.0,0.25,0.4,0.0,2,4,4
P19_C1,19,1,High_to_Low,1,pre_switch,0.6,0.8,0.8,0.6,-0.2,0.8,0.2,0.5,0.7,0.4,0.0,3,4,4
P19_C1,19,1,High_to_Low,2,pre_switch,1.0,0.6,0.6,0.0,0.4,0.6,0.6,0.5,0.65,1.0,0.0,5,3,3
P19_C1,19,1,High_to_Low,3,pre_switch,0.8,0.8,0.8,0.2,0.0,1.0,0.6,0.4,0.65,0.8,0.0,4,4,4
P19_C1,19,1,High_to_Low,4,pre_switch,0.8,1.0,0.8,0.4,-0.2,0.8,0.4,0.5,0.7,0.4,0.0,4,5,4
P19_C1,19,1,High_to_Low,5,post_switch,0.6,0.2,0.4,0.4,0.4,0.2,0.0,0.6,0.5,0.4,0.0,3,1,2
P19_C1,19,1,High_to_Low,6,post_switch,0.6,0.2,0.2,0.0,0.4,0.6,0.2,0.45,0.25,0.4,0.0,3,1,1
P19_C2,19,2,Low_to_High,1,pre_switch,0.4,0.2,0.2,0.4,0.2,0.4,-0.2,0.45,0.55,0.4,0.0,2,1,1
P19_C2,19,2,Low_to_High,2,pre_switch,0.6,0.4,0.4,0.2,0.2,0.4,0.2,0.4,0.35,0.4,0.0,3,2,2
P19_C2,19,2,Low_to_High,3,pre_switch,0.0,0.2,0.4,0.4,-0.2,0.8,0.0,0.4,0.5,0.0,0.0,0,1,2
P19_C2,19,2,Low_to_High,4,pre_switch,0.2,0.0,0.2,0.2,0.2,0.8,0.0,0.3,0.35,0.2,0.0,1,0,1
P19_C2,19,2,Low_to_High,5,post_switch,0.4,0.8,1.0,0.6,-0.4,0.6,0.4,0.25,0.4,0.4,0.0,2,4,5
P19_C2,19,2,Low_to_High,6,post_switch,0.8,0.8,0.8,0.6,0.0,0.6,0.2,0.45,0.45,0.6,0.0,4,4,4
P01_C1,1,1,High_to_Low,1,pre_switch,0.4,0.8,0.4,0.4,-0.4,0.6,0.0,0.5,0.5,0.0,0.0,2,4,2
P01_C1,1,1,High_to_Low,2,pre_switch,0.8,0.6,0.4,0.2,0.2,0.4,0.2,0.5,0.5,0.6,0.0,4,3,2
P01_C1,1,1,High_to_Low,3,pre_switch,0.6,0.8,0.6,0.0,-0.2,0.8,0.6,0.5,0.5,0.6,0.0,3,4,3
P01_C1,1,1,High_to_Low,4,pre_switch,0.8,1.0,0.8,0.0,-0.2,0.8,0.8,0.5,0.5,0.8,0.0,4,5,4
P01_C1,1,1,High_to_Low,5,post_switch,0.2,0.2,0.6,0.4,0.0,0.6,0.2,0.5,0.5,0.2,0.0,1,1,3
P01_C1,1,1,High_to_Low,6,post_switch,0.6,0.2,0.4,0.0,0.4,0.6,0.4,0.5,0.5,0.6,0.0,3,1,2
P01_C2,1,2,Low_to_High,1,pre_switch,0.4,0.2,0.0,0.0,0.2,0.4,0.0,0.5,0.4,0.4,0.0,2,1,0
P01_C2,1,2,Low_to_High,2,pre_switch,0.2,0.4,0.4,0.2,-0.2,0.8,0.2,0.35,0.4,0.2,0.0,1,2,2
P01_C2,1,2,Low_to_High,3,pre_switch,0.6,0.2,0.2,0.2,0.4,0.6,0.0,0.5,0.4,0.6,0.0,3,1,1
P01_C2,1,2,Low_to_High,4,pre_switch,0.8,0.0,0.2,0.2,0.8,0.2,0.0,0.35,0.35,0.6,0.0,4,0,1
P01_C2,1,2,Low_to_High,5,post_switch,0.6,0.8,0.4,0.0,-0.2,0.4,0.4,0.45,0.45,0.6,0.0,3,4,2
P01_C2,1,2,Low_to_High,6,post_switch,0.8,0.8,0.6,0.2,0.0,0.6,0.4,0.45,0.5,0.6,0.0,4,4,3
P20_C1,20,1,High_to_Low,1,pre_switch,0.8,0.8,0.8,0.0,0.0,1.0,0.8,0.5,0.8,0.8,0.0,4,4,4
P20_C1,20,1,High_to_Low,2,pre_switch,0.8,0.6,0.4,0.0,0.2,0.4,0.4,0.5,0.9,0.8,0.0,4,3,2
P20_C1,20,1,High_to_Low,3,pre_switch,0.4,0.8,0.6,0.6,-0.4,0.6,0.0,0.5,0.75,0.2,0.0,2,4,3
P20_C1,20,1,High_to_Low,4,pre_switch,0.8,1.0,0.8,0.6,-0.2,0.8,0.2,0.5,0.8,0.2,0.0,4,5,4
P20_C1,20,1,High_to_Low,5,post_switch,0.4,0.2,0.2,0.4,0.2,0.4,-0.2,0.45,0.75,0.4,0.0,2,1,1
P20_C1,20,1,High_to_Low,6,post_switch,0.6,0.2,0.6,0.2,0.4,0.6,0.4,0.5,0.75,0.4,0.0,3,1,3
P20_C2,20,2,Low_to_High,1,pre_switch,0.2,0.2,0.4,0.4,0.0,0.6,0.0,0.75,0.3,0.2,0.0,1,1,2
P20_C2,20,2,Low_to_High,2,pre_switch,0.6,0.4,0.6,0.6,0.2,0.8,0.0,0.75,0.15,0.2,0.0,3,2,3
P20_C2,20,2,Low_to_High,3,pre_switch,0.2,0.2,0.4,0.4,0.0,0.6,0.0,0.75,0.0,0.2,0.0,1,1,2
P20_C2,20,2,Low_to_High,4,pre_switch,0.0,0.0,0.8,0.8,0.0,1.0,0.0,0.75,0.1,0.0,0.0,0,0,4
P20_C2,20,2,Low_to_High,5,post_switch,0.4,0.8,0.6,0.6,-0.4,0.6,0.0,0.75,0.1,0.2,0.0,2,4,3
P20_C2,20,2,Low_to_High,6,post_switch,0.8,0.8,0.6,0.2,0.0,0.6,0.4,0.75,0.15,0.6,0.0,4,4,3
P21_C1,21,1,High_to_Low,1,pre_switch,0.2,0.8,0.2,0.2,-0.6,0.4,0.0,0.4,0.8,0.0,0.0,1,4,1
P21_C1,21,1,High_to_Low,2,pre_switch,0.2,0.6,0.2,0.2,-0.4,0.6,0.0,0.5,0.7,0.0,0.0,1,3,1
P21_C1,21,1,High_to_Low,3,pre_switch,1.0,0.8,0.8,0.0,0.2,0.8,0.8,0.5,0.75,1.0,0.0,5,4,4
P21_C1,21,1,High_to_Low,4,pre_switch,1.0,1.0,1.0,0.2,0.0,1.0,0.8,0.5,0.8,1.0,0.0,5,5,5
P21_C1,21,1,High_to_Low,5,post_switch,0.8,0.2,0.0,0.0,0.6,0.0,0.0,0.45,0.55,0.8,0.0,4,1,0
P21_C1,21,1,High_to_Low,6,post_switch,0.6,0.2,0.2,0.0,0.4,0.6,0.2,0.5,0.55,0.6,0.0,3,1,1
P21_C2,21,2,Low_to_High,1,pre_switch,0.4,0.2,0.4,0.6,0.2,0.8,-0.2,0.55,0.5,0.4,0.0,2,1,2
P21_C2,21,2,Low_to_High,2,pre_switch,0.6,0.4,0.6,0.4,0.2,0.8,0.2,0.6,0.4,0.4,0.0,3,2,3
P21_C2,21,2,Low_to_High,3,pre_switch,0.2,0.2,0.6,0.6,0.0,1.0,0.0,0.55,0.6,0.0,0.0,1,1,3
P21_C2,21,2,Low_to_High,4,pre_switch,0.0,0.0,0.8,0.8,0.0,1.0,0.0,0.7,0.4,0.0,0.0,0,0,4
P21_C2,21,2,Low_to_High,5,post_switch,0.4,0.8,0.4,0.0,-0.4,0.6,0.4,0.45,0.55,0.4,0.0,2,4,2
P21_C2,21,2,Low_to_High,6,post_switch,0.4,0.8,0.6,0.6,-0.4,0.6,0.0,0.65,0.7,0.0,0.0,2,4,3
P22_C1,22,1,High_to_Low,1,pre_switch,0.8,0.8,0.6,0.2,0.0,0.6,0.4,0.55,0.65,0.6,0.0,4,4,3
P22_C1,22,1,High_to_Low,2,pre_switch,0.4,0.6,0.4,0.4,-0.2,0.4,0.0,0.4,0.45,0.2,0.0,2,3,2
P22_C1,22,1,High_to_Low,3,pre_switch,0.6,0.8,0.6,0.4,-0.2,0.8,0.2,0.25,0.5,0.4,0.0,3,4,3
P22_C1,22,1,High_to_Low,4,pre_switch,1.0,1.0,1.0,0.6,0.0,1.0,0.4,0.35,0.75,0.6,0.0,5,5,5
P22_C1,22,1,High_to_Low,5,post_switch,0.2,0.2,0.6,0.8,0.0,0.6,-0.2,0.5,0.7,0.2,0.0,1,1,3
P22_C1,22,1,High_to_Low,6,post_switch,0.4,0.2,0.8,0.4,0.2,0.8,0.4,0.5,0.55,0.4,0.0,2,1,4
P22_C2,22,2,Low_to_High,1,pre_switch,0.4,0.2,0.2,0.2,0.2,0.4,0.0,0.5,0.55,0.4,0.0,2,1,1
P22_C2,22,2,Low_to_High,2,pre_switch,0.2,0.4,0.4,0.2,-0.2,0.8,0.2,0.5,0.5,0.2,0.0,1,2,2
P22_C2,22,2,Low_to_High,3,pre_switch,0.4,0.2,0.2,0.2,0.2,0.4,0.0,0.5,0.5,0.2,0.0,2,1,1
P22_C2,22,2,Low_to_High,4,pre_switch,0.4,0.0,0.6,0.8,0.4,0.6,-0.2,0.45,0.4,0.4,0.0,2,0,3
P22_C2,22,2,Low_to_High,5,post_switch,0.8,0.8,1.0,0.2,0.0,1.0,0.8,0.5,0.5,0.8,0.0,4,4,5
P22_C2,22,2,Low_to_High,6,post_switch,0.8,0.8,1.0,0.6,0.0,1.0,0.4,0.6,0.6,0.4,0.0,4,4,5
P23_C1,23,1,High_to_Low,1,pre_switch,0.6,0.8,0.6,0.2,-0.2,0.8,0.4,0.6,0.75,0.4,0.0,3,4,3
P23_C1,23,1,High_to_Low,2,pre_switch,0.8,0.6,0.6,0.2,0.2,0.8,0.4,0.65,0.75,0.6,0.0,4,3,3
P23_C1,23,1,High_to_Low,3,pre_switch,0.6,0.8,0.6,0.2,-0.2,0.4,0.4,0.6,0.45,0.6,0.0,3,4,3
P23_C1,23,1,High_to_Low,4,pre_switch,0.6,1.0,0.6,0.2,-0.4,0.6,0.4,0.4,0.55,0.4,0.0,3,5,3
P23_C1,23,1,High_to_Low,5,post_switch,0.4,0.2,0.0,0.0,0.2,0.4,0.0,0.3,0.4,0.4,0.0,2,1,0
P23_C1,23,1,High_to_Low,6,post_switch,0.6,0.2,0.4,0.2,0.4,0.6,0.2,0.45,0.5,0.6,0.0,3,1,2
P23_C2,23,2,Low_to_High,1,pre_switch,1.0,0.2,0.2,0.2,0.8,0.2,0.0,0.35,0.65,1.0,0.0,5,1,1
P23_C2,23,2,Low_to_High,2,pre_switch,1.0,0.4,0.4,0.2,0.6,0.4,0.2,0.65,0.4,1.0,0.0,5,2,2
P23_C2,23,2,Low_to_High,3,pre_switch,1.0,0.2,0.2,0.2,0.8,0.2,0.0,0.8,0.3,0.8,0.0,5,1,1
P23_C2,23,2,Low_to_High,4,pre_switch,1.0,0.0,0.0,0.0,1.0,0.0,0.0,0.3,0.15,1.0,0.0,5,0,0
P23_C2,23,2,Low_to_High,5,post_switch,1.0,0.8,0.8,0.2,0.2,0.8,0.6,0.5,0.3,0.8,0.0,5,4,4
P23_C2,23,2,Low_to_High,6,post_switch,1.0,0.8,0.8,0.2,0.2,0.8,0.6,0.75,0.7,1.0,0.0,5,4,4
P24_C1,24,1,High_to_Low,1,pre_switch,0.8,0.8,0.8,0.4,0.0,1.0,0.4,0.4,0.5,0.6,0.0,4,4,4
P24_C1,24,1,High_to_Low,2,pre_switch,0.6,0.6,0.4,0.4,0.0,0.6,0.0,0.35,0.5,0.4,0.0,3,3,2
P24_C1,24,1,High_to_Low,3,pre_switch,0.6,0.8,0.4,0.0,-0.2,0.4,0.4,0.5,0.55,0.6,0.0,3,4,2
P24_C1,24,1,High_to_Low,4,pre_switch,0.8,1.0,0.8,0.4,-0.2,0.8,0.4,0.4,0.7,0.8,0.0,4,5,4
P24_C1,24,1,High_to_Low,5,post_switch,0.4,0.2,0.0,0.0,0.2,0.4,0.0,0.5,0.5,0.4,0.0,2,1,0
P24_C1,24,1,High_to_Low,6,post_switch,0.8,0.2,0.2,0.0,0.6,0.4,0.2,0.5,0.45,0.8,0.0,4,1,1
P24_C2,24,2,Low_to_High,1,pre_switch,0.8,0.2,0.2,0.6,0.6,0.4,-0.4,0.75,0.0,0.8,0.0,4,1,1
P24_C2,24,2,Low_to_High,2,pre_switch,1.0,0.4,0.4,0.4,0.6,0.4,0.0,0.95,0.15,0.8,0.0,5,2,2
P24_C2,24,2,Low_to_High,3,pre_switch,1.0,0.2,0.2,0.0,0.8,0.2,0.2,0.3,0.15,1.0,0.0,5,1,1
P24_C2,24,2,Low_to_High,4,pre_switch,1.0,0.0,0.0,0.2,1.0,0.0,-0.2,0.0,0.0,1.0,0.0,5,0,0
P24_C2,24,2,Low_to_High,5,post_switch,1.0,0.8,0.8,0.4,0.2,0.8,0.4,0.0,0.0,0.8,0.0,5,4,4
P24_C2,24,2,Low_to_High,6,post_switch,1.0,0.8,0.8,0.0,0.2,0.8,0.8,0.0,0.0,1.0,0.0,5,4,4
P25_C1,25,1,High_to_Low,1,pre_switch,0.8,0.8,0.6,0.4,0.0,0.6,0.2,0.65,0.6,0.4,0.0,4,4,3
P25_C1,25,1,High_to_Low,2,pre_switch,0.4,0.6,0.2,0.2,-0.2,0.4,0.0,0.45,0.35,0.2,0.0,2,3,1
P25_C1,25,1,High_to_Low,3,pre_switch,0.6,0.8,0.6,0.0,-0.2,0.8,0.6,0.55,0.65,0.6,0.0,3,4,3
P25_C1,25,1,High_to_Low,4,pre_switch,1.0,1.0,1.0,0.4,0.0,1.0,0.6,0.7,0.9,0.6,0.0,5,5,5
P25_C1,25,1,High_to_Low,5,post_switch,0.4,0.2,0.0,0.0,0.2,0.4,0.0,0.75,0.55,0.4,0.0,2,1,0
P25_C1,25,1,High_to_Low,6,post_switch,0.2,0.2,0.0,0.2,0.0,0.6,-0.2,0.5,0.5,0.2,0.0,1,1,0
P25_C2,25,2,Low_to_High,1,pre_switch,0.4,0.2,0.2,0.0,0.2,0.8,0.2,0.4,0.45,0.4,0.0,2,1,1
P25_C2,25,2,Low_to_High,2,pre_switch,0.4,0.4,0.4,0.2,0.0,0.6,0.2,0.4,0.4,0.4,0.0,2,2,2
P25_C2,25,2,Low_to_High,3,pre_switch,1.0,0.2,0.2,0.2,0.8,0.2,0.0,0.4,0.4,1.0,0.0,5,1,1
P25_C2,25,2,Low_to_High,4,pre_switch,0.2,0.0,0.4,0.6,0.2,0.8,-0.2,0.25,0.25,0.2,0.0,1,0,2
P25_C2,25,2,Low_to_High,5,post_switch,0.2,0.8,0.4,0.2,-0.6,0.4,0.2,0.25,0.25,0.2,0.0,1,4,2
P25_C2,25,2,Low_to_High,6,post_switch,0.8,0.8,0.8,0.8,0.0,0.6,0.0,0.25,0.25,0.6,0.0,4,4,4
P26_C1,26,1,High_to_Low,1,pre_switch,0.6,0.8,0.6,0.4,-0.2,0.8,0.2,0.15,0.6,0.2,0.0,3,4,3
P26_C1,26,1,High_to_Low,2,pre_switch,0.6,0.6,0.4,0.4,0.0,0.6,0.0,0.3,0.5,0.4,0.0,3,3,2
P26_C1,26,1,High_to_Low,3,pre_switch,0.2,0.8,0.2,0.2,-0.6,0.0,0.0,0.25,0.5,0.2,0.0,1,4,1
P26_C1,26,1,High_to_Low,4,pre_switch,0.6,1.0,0.8,0.2,-0.4,0.6,0.6,0.3,0.65,0.6,0.0,3,5,4
P26_C1,26,1,High_to_Low,5,post_switch,0.4,0.2,0.0,0.0,0.2,0.4,0.0,0.1,0.6,0.4,0.0,2,1,0
P26_C1,26,1,High_to_Low,6,post_switch,0.6,0.2,0.4,0.2,0.4,0.6,0.2,0.15,0.4,0.6,0.0,3,1,2
P26_C2,26,2,Low_to_High,1,pre_switch,0.8,0.2,0.4,0.2,0.6,0.4,0.2,0.5,0.4,0.8,0.0,4,1,2
P26_C2,26,2,Low_to_High,2,pre_switch,0.2,0.4,0.6,0.6,-0.2,0.8,0.0,0.75,0.4,0.0,0.0,1,2,3
P26_C2,26,2,Low_to_High,3,pre_switch,0.2,0.2,0.8,0.8,0.0,1.0,0.0,0.8,0.25,0.0,0.0,1,1,4
P26_C2,26,2,Low_to_High,4,pre_switch,0.0,0.0,0.8,0.8,0.0,1.0,0.0,0.9,0.2,0.0,0.0,0,0,4
P26_C2,26,2,Low_to_High,5,post_switch,0.4,0.8,0.8,0.8,-0.4,0.6,0.0,0.85,0.4,0.0,0.0,2,4,4
P26_C2,26,2,Low_to_High,6,post_switch,0.2,0.8,0.4,0.4,-0.6,0.4,0.0,0.9,0.4,0.0,0.0,1,4,2
P27_C1,27,1,High_to_Low,1,pre_switch,0.4,0.8,0.4,0.0,-0.4,0.2,0.4,0.25,0.55,0.4,0.0,2,4,2
P27_C1,27,1,High_to_Low,2,pre_switch,0.8,0.6,0.6,0.2,0.2,0.8,0.4,0.25,0.6,0.8,0.0,4,3,3
P27_C1,27,1,High_to_Low,3,pre_switch,1.0,0.8,0.8,0.2,0.2,0.8,0.6,0.2,0.55,1.0,0.0,5,4,4
P27_C1,27,1,High_to_Low,4,pre_switch,0.4,1.0,0.4,0.0,-0.6,0.4,0.4,0.0,0.7,0.4,0.0,2,5,2
P27_C1,27,1,High_to_Low,5,post_switch,0.8,0.2,0.2,0.0,0.6,0.4,0.2,0.15,0.65,0.6,0.0,4,1,1
P27_C1,27,1,High_to_Low,6,post_switch,0.6,0.2,0.4,0.0,0.4,0.6,0.4,0.05,0.65,0.6,0.0,3,1,2
P27_C2,27,2,Low_to_High,1,pre_switch,0.4,0.2,0.8,0.6,0.2,0.8,0.2,0.65,0.7,0.4,0.0,2,1,4
P27_C2,27,2,Low_to_High,2,pre_switch,0.6,0.4,0.6,0.2,0.2,0.8,0.4,0.45,0.65,0.6,0.0,3,2,3
P27_C2,27,2,Low_to_High,3,pre_switch,0.8,0.2,0.4,0.4,0.6,0.4,0.0,0.45,0.5,0.6,0.0,4,1,2
P27_C2,27,2,Low_to_High,4,pre_switch,0.4,0.0,0.4,0.6,0.4,0.6,-0.2,0.5,0.55,0.4,0.0,2,0,2
P27_C2,27,2,Low_to_High,5,post_switch,0.6,0.8,0.6,0.2,-0.2,0.8,0.4,0.4,0.65,0.6,0.0,3,4,3
P27_C2,27,2,Low_to_High,6,post_switch,0.6,0.8,0.4,0.0,-0.2,0.4,0.4,0.35,0.6,0.6,0.0,3,4,2
P28_C1,28,1,High_to_Low,1,pre_switch,1.0,0.8,0.8,0.2,0.2,0.8,0.6,0.75,0.85,0.8,0.0,5,4,4
P28_C1,28,1,High_to_Low,2,pre_switch,0.4,0.6,0.2,0.2,-0.2,0.4,0.0,0.65,0.65,0.2,0.0,2,3,1
P28_C1,28,1,High_to_Low,3,pre_switch,1.0,0.8,0.8,0.4,0.2,0.8,0.4,0.75,0.75,0.8,0.0,5,4,4
P28_C1,28,1,High_to_Low,4,pre_switch,0.6,1.0,0.8,0.4,-0.4,0.6,0.4,0.75,0.75,0.4,0.0,3,5,4
P28_C1,28,1,High_to_Low,5,post_switch,0.2,0.2,0.2,0.4,0.0,0.6,-0.2,0.75,0.75,0.2,0.0,1,1,1
P28_C1,28,1,High_to_Low,6,post_switch,0.4,0.2,0.2,0.2,0.2,0.4,0.0,0.75,0.75,0.4,0.0,2,1,1
P28_C2,28,2,Low_to_High,1,pre_switch,0.4,0.2,0.4,0.2,0.2,0.8,0.2,0.25,0.45,0.4,0.0,2,1,2
P28_C2,28,2,Low_to_High,2,pre_switch,0.6,0.4,0.6,0.2,0.2,0.8,0.4,0.25,0.35,0.6,0.0,3,2,3
P28_C2,28,2,Low_to_High,3,pre_switch,0.8,0.2,0.2,0.2,0.6,0.4,0.0,0.1,0.25,0.6,0.0,4,1,1
P28_C2,28,2,Low_to_High,4,pre_switch,0.2,0.0,0.6,0.6,0.2,0.8,0.0,0.0,0.1,0.2,0.0,1,0,3
P28_C2,28,2,Low_to_High,5,post_switch,0.8,0.8,0.8,0.4,0.0,0.6,0.4,0.2,0.2,0.8,0.0,4,4,4
P28_C2,28,2,Low_to_High,6,post_switch,0.6,0.8,0.8,0.2,-0.2,0.8,0.6,0.1,0.25,0.6,0.0,3,4,4
P29_C1,29,1,High_to_Low,1,pre_switch,0.6,0.8,0.8,0.6,-0.2,0.8,0.2,0.25,0.5,0.2,0.0,3,4,4
P29_C1,29,1,High_to_Low,2,pre_switch,0.8,0.6,0.6,0.4,0.2,0.8,0.2,0.3,0.45,0.6,0.0,4,3,3
P29_C1,29,1,High_to_Low,3,pre_switch,1.0,0.8,0.8,0.2,0.2,0.8,0.6,0.25,0.5,1.0,0.0,5,4,4
P29_C1,29,1,High_to_Low,4,pre_switch,0.6,1.0,0.8,0.6,-0.4,0.6,0.2,0.3,0.5,0.4,0.0,3,5,4
P29_C1,29,1,High_to_Low,5,post_switch,0.8,0.2,0.2,0.0,0.6,0.4,0.2,0.25,0.5,0.8,0.0,4,1,1
P29_C1,29,1,High_to_Low,6,post_switch,0.6,0.2,0.6,0.6,0.4,0.6,0.0,0.25,0.45,0.6,0.0,3,1,3
P29_C2,29,2,Low_to_High,1,pre_switch,0.0,0.2,0.6,0.6,-0.2,0.8,0.0,0.25,0.5,0.0,0.0,0,1,3
P29_C2,29,2,Low_to_High,2,pre_switch,0.6,0.4,0.4,0.6,0.2,0.4,-0.2,0.25,0.45,0.6,0.0,3,2,2
P29_C2,29,2,Low_to_High,3,pre_switch,0.6,0.2,0.2,0.0,0.4,0.6,0.2,0.25,0.5,0.6,0.0,3,1,1
P29_C2,29,2,Low_to_High,4,pre_switch,0.4,0.0,0.4,0.2,0.4,0.6,0.2,0.25,0.5,0.2,0.0,2,0,2
P29_C2,29,2,Low_to_High,5,post_switch,0.6,0.8,0.4,0.2,-0.2,0.4,0.2,0.25,0.5,0.4,0.0,3,4,2
P29_C2,29,2,Low_to_High,6,post_switch,0.4,0.8,0.6,0.4,-0.4,0.6,0.2,0.25,0.5,0.2,0.0,2,4,3
P02_C1,2,1,High_to_Low,1,pre_switch,0.8,0.8,0.6,0.2,0.0,0.6,0.4,0.5,0.85,0.6,0.0,4,4,3
P02_C1,2,1,High_to_Low,2,pre_switch,0.8,0.6,0.4,0.4,0.2,0.4,0.0,0.35,0.6,0.8,0.0,4,3,2
P02_C1,2,1,High_to_Low,3,pre_switch,0.8,0.8,0.6,0.0,0.0,0.6,0.6,0.25,0.55,0.8,0.0,4,4,3
P02_C1,2,1,High_to_Low,4,pre_switch,0.8,1.0,0.8,0.2,-0.2,0.8,0.6,0.3,0.65,0.6,0.0,4,5,4
P02_C1,2,1,High_to_Low,5,post_switch,0.8,0.2,0.2,0.2,0.6,0.4,0.0,0.3,0.35,0.6,0.0,4,1,1
P02_C1,2,1,High_to_Low,6,post_switch,0.6,0.2,0.0,0.2,0.4,0.2,-0.2,0.25,0.25,0.4,0.0,3,1,0
P02_C2,2,2,Low_to_High,1,pre_switch,0.6,0.2,0.2,0.4,0.4,0.2,-0.2,0.4,0.3,0.6,0.0,3,1,1
P02_C2,2,2,Low_to_High,2,pre_switch,0.6,0.4,0.4,0.2,0.2,0.8,0.2,0.25,0.05,0.6,0.0,3,2,2
P02_C2,2,2,Low_to_High,3,pre_switch,0.6,0.2,0.2,0.0,0.4,0.6,0.2,0.0,0.0,0.6,0.0,3,1,1
P02_C2,2,2,Low_to_High,4,pre_switch,0.0,0.0,0.6,0.4,0.0,1.0,0.2,0.0,0.0,0.0,0.0,0,0,3
P02_C2,2,2,Low_to_High,5,post_switch,1.0,0.8,0.8,0.2,0.2,0.8,0.6,0.0,0.0,1.0,0.0,5,4,4
P02_C2,2,2,Low_to_High,6,post_switch,0.6,0.8,0.6,0.2,-0.2,0.4,0.4,0.0,0.0,0.6,0.0,3,4,3
P30_C1,30,1,High_to_Low,1,pre_switch,0.6,0.8,0.6,0.0,-0.2,0.8,0.6,0.55,0.75,0.6,0.0,3,4,3
P30_C1,30,1,High_to_Low,2,pre_switch,0.8,0.6,0.6,0.0,0.2,0.8,0.6,0.55,0.75,0.8,0.0,4,3,3
P30_C1,30,1,High_to_Low,3,pre_switch,0.8,0.8,0.8,0.4,0.0,1.0,0.4,0.45,0.75,0.8,0.0,4,4,4
P30_C1,30,1,High_to_Low,4,pre_switch,1.0,1.0,1.0,0.4,0.0,1.0,0.6,0.7,0.75,0.6,0.0,5,5,5
P30_C1,30,1,High_to_Low,5,post_switch,1.0,0.2,0.2,0.6,0.8,0.2,-0.4,0.55,0.75,1.0,0.0,5,1,1
P30_C1,30,1,High_to_Low,6,post_switch,0.6,0.2,0.6,0.8,0.4,0.6,-0.2,0.65,0.7,0.4,0.0,3,1,3
P30_C2,30,2,Low_to_High,1,pre_switch,0.4,0.2,0.4,0.6,0.2,0.4,-0.2,0.35,0.35,0.4,0.0,2,1,2
P30_C2,30,2,Low_to_High,2,pre_switch,0.6,0.4,0.4,0.2,0.2,0.4,0.2,0.35,0.35,0.4,0.0,3,2,2
P30_C2,30,2,Low_to_High,3,pre_switch,0.2,0.2,0.4,0.2,0.0,1.0,0.2,0.4,0.3,0.2,0.0,1,1,2
P30_C2,30,2,Low_to_High,4,pre_switch,0.0,0.0,0.4,0.4,0.0,1.0,0.0,0.65,0.25,0.0,0.0,0,0,2
P30_C2,30,2,Low_to_High,5,post_switch,0.4,0.8,0.4,0.2,-0.4,0.6,0.2,0.45,0.35,0.4,0.0,2,4,2
P30_C2,30,2,Low_to_High,6,post_switch,0.0,0.8,0.4,0.4,-0.8,0.2,0.0,0.45,0.25,0.0,0.0,0,4,2
P31_C1,31,1,High_to_Low,1,pre_switch,0.6,0.8,0.6,0.4,-0.2,0.8,0.2,0.65,0.65,0.2,0.0,3,4,3
P31_C1,31,1,High_to_Low,2,pre_switch,0.4,0.6,0.2,0.2,-0.2,0.4,0.0,0.75,0.75,0.2,0.0,2,3,1
P31_C1,31,1,High_to_Low,3,pre_switch,0.6,0.8,0.4,0.0,-0.2,0.4,0.4,0.55,0.55,0.6,0.0,3,4,2
P31_C1,31,1,High_to_Low,4,pre_switch,0.4,1.0,0.4,0.0,-0.6,0.4,0.4,0.6,0.55,0.4,0.0,2,5,2
P31_C1,31,1,High_to_Low,5,post_switch,0.4,0.2,0.0,0.0,0.2,0.4,0.0,0.4,0.3,0.2,0.0,2,1,0
P31_C1,31,1,High_to_Low,6,post_switch,0.4,0.2,0.2,0.2,0.2,0.8,0.0,0.2,0.25,0.4,0.0,2,1,1
P31_C2,31,2,Low_to_High,1,pre_switch,0.2,0.2,0.8,0.6,0.0,1.0,0.2,0.45,0.5,0.2,0.0,1,1,4
P31_C2,31,2,Low_to_High,2,pre_switch,0.4,0.4,0.6,0.2,0.0,1.0,0.4,0.5,0.55,0.4,0.0,2,2,3
P31_C2,31,2,Low_to_High,3,pre_switch,0.8,0.2,0.4,0.6,0.6,0.4,-0.2,0.55,0.45,0.6,0.0,4,1,2
P31_C2,31,2,Low_to_High,4,pre_switch,0.4,0.0,0.2,0.4,0.4,0.6,-0.2,0.55,0.4,0.2,0.0,2,0,1
P31_C2,31,2,Low_to_High,5,post_switch,0.8,0.8,0.6,0.4,0.0,0.6,0.2,0.5,0.5,0.4,0.0,4,4,3
P31_C2,31,2,Low_to_High,6,post_switch,0.8,0.8,0.6,0.0,0.0,0.6,0.6,0.5,0.45,0.8,0.0,4,4,3
P32_C1,32,1,High_to_Low,1,pre_switch,0.8,0.8,0.6,0.0,0.0,0.6,0.6,0.45,0.65,0.8,0.0,4,4,3
P32_C1,32,1,High_to_Low,2,pre_switch,0.8,0.6,0.4,0.2,0.2,0.4,0.2,0.4,0.5,0.8,0.0,4,3,2
P32_C1,32,1,High_to_Low,3,pre_switch,1.0,0.8,0.8,0.4,0.2,0.8,0.4,0.55,0.7,1.0,0.0,5,4,4
P32_C1,32,1,High_to_Low,4,pre_switch,1.0,1.0,1.0,0.2,0.0,1.0,0.8,0.5,0.75,1.0,0.0,5,5,5
P32_C1,32,1,High_to_Low,5,post_switch,1.0,0.2,0.2,0.0,0.8,0.2,0.2,0.5,0.2,1.0,0.0,5,1,1
P32_C1,32,1,High_to_Low,6,post_switch,1.0,0.2,0.2,0.2,0.8,0.2,0.0,0.5,0.15,0.8,0.0,5,1,1
P32_C2,32,2,Low_to_High,1,pre_switch,0.4,0.2,0.4,0.0,0.2,0.8,0.4,0.5,0.6,0.4,0.0,2,1,2
P32_C2,32,2,Low_to_High,2,pre_switch,0.6,0.4,0.4,0.2,0.2,0.4,0.2,0.5,0.4,0.6,0.0,3,2,2
P32_C2,32,2,Low_to_High,3,pre_switch,0.8,0.2,0.2,0.0,0.6,0.4,0.2,0.4,0.4,0.8,0.0,4,1,1
P32_C2,32,2,Low_to_High,4,pre_switch,1.0,0.0,0.0,0.2,1.0,0.0,-0.2,0.25,0.25,1.0,0.0,5,0,0
P32_C2,32,2,Low_to_High,5,post_switch,1.0,0.8,0.8,0.6,0.2,0.8,0.2,0.65,0.55,0.8,0.0,5,4,4
P32_C2,32,2,Low_to_High,6,post_switch,1.0,0.8,0.8,0.2,0.2,0.8,0.6,0.7,0.7,1.0,0.0,5,4,4
P33_C1,33,1,High_to_Low,1,pre_switch,0.2,0.8,0.2,0.2,-0.6,0.4,0.0,0.45,0.35,0.0,0.0,1,4,1
P33_C1,33,1,High_to_Low,2,pre_switch,0.6,0.6,0.6,0.4,0.0,1.0,0.2,0.55,0.55,0.4,0.0,3,3,3
P33_C1,33,1,High_to_Low,3,pre_switch,0.8,0.8,0.8,0.0,0.0,1.0,0.8,0.45,0.65,0.8,0.0,4,4,4
P33_C1,33,1,High_to_Low,4,pre_switch,0.4,1.0,0.6,0.2,-0.6,0.4,0.4,0.45,0.55,0.2,0.0,2,5,3
P33_C1,33,1,High_to_Low,5,post_switch,0.0,0.2,0.0,0.0,-0.2,0.8,0.0,0.25,0.25,0.0,0.0,0,1,0
P33_C1,33,1,High_to_Low,6,post_switch,0.4,0.2,0.4,0.2,0.2,0.8,0.2,0.35,0.25,0.4,0.0,2,1,2
P33_C2,33,2,Low_to_High,1,pre_switch,0.4,0.2,0.6,0.4,0.2,0.8,0.2,0.55,0.65,0.4,0.0,2,1,3
P33_C2,33,2,Low_to_High,2,pre_switch,0.2,0.4,0.2,0.2,-0.2,0.4,0.0,0.55,0.4,0.2,0.0,1,2,1
P33_C2,33,2,Low_to_High,3,pre_switch,0.6,0.2,0.4,0.2,0.4,0.6,0.2,0.45,0.6,0.6,0.0,3,1,2
P33_C2,33,2,Low_to_High,4,pre_switch,0.2,0.0,0.4,0.4,0.2,0.8,0.0,0.6,0.45,0.2,0.0,1,0,2
P33_C2,33,2,Low_to_High,5,post_switch,0.4,0.8,0.4,0.0,-0.4,0.6,0.4,0.6,0.5,0.4,0.0,2,4,2
P33_C2,33,2,Low_to_High,6,post_switch,0.6,0.8,0.4,0.2,-0.2,0.4,0.2,0.55,0.6,0.6,0.0,3,4,2
P34_C1,34,1,High_to_Low,1,pre_switch,1.0,0.8,0.8,0.0,0.2,0.8,0.8,0.35,0.6,1.0,0.0,5,4,4
P34_C1,34,1,High_to_Low,2,pre_switch,0.8,0.6,0.4,0.4,0.2,0.4,0.0,0.1,0.45,0.6,0.0,4,3,2
P34_C1,34,1,High_to_Low,3,pre_switch,1.0,0.8,0.8,0.0,0.2,0.8,0.8,0.55,0.7,1.0,0.0,5,4,4
P34_C1,34,1,High_to_Low,4,pre_switch,1.0,1.0,1.0,0.4,0.0,1.0,0.6,0.5,0.45,0.6,0.0,5,5,5
P34_C1,34,1,High_to_Low,5,post_switch,1.0,0.2,0.2,0.0,0.8,0.2,0.2,0.2,0.55,0.8,0.0,5,1,1
P34_C1,34,1,High_to_Low,6,post_switch,1.0,0.2,0.2,0.0,0.8,0.2,0.2,0.15,0.15,0.8,0.0,5,1,1
P34_C2,34,2,Low_to_High,1,pre_switch,0.6,0.2,0.2,0.2,0.4,0.6,0.0,0.4,0.65,0.6,0.0,3,1,1
P34_C2,34,2,Low_to_High,2,pre_switch,0.8,0.4,0.4,0.2,0.4,0.6,0.2,0.3,0.35,0.8,0.0,4,2,2
P34_C2,34,2,Low_to_High,3,pre_switch,1.0,0.2,0.2,0.4,0.8,0.2,-0.2,0.4,0.35,1.0,0.0,5,1,1
P34_C2,34,2,Low_to_High,4,pre_switch,0.4,0.0,0.2,0.0,0.4,0.6,0.2,0.4,0.35,0.4,0.0,2,0,1
P34_C2,34,2,Low_to_High,5,post_switch,0.8,0.8,0.6,0.0,0.0,0.6,0.6,0.35,0.4,0.8,0.0,4,4,3
P34_C2,34,2,Low_to_High,6,post_switch,0.8,0.8,0.6,0.4,0.0,0.6,0.2,0.45,0.5,0.8,0.0,4,4,3
P35_C1,35,1,High_to_Low,1,pre_switch,0.4,0.8,0.8,0.8,-0.4,0.6,0.0,0.7,0.5,0.0,0.0,2,4,4
P35_C1,35,1,High_to_Low,2,pre_switch,0.6,0.6,0.6,0.4,0.0,0.6,0.2,0.75,0.6,0.4,0.0,3,3,3
P35_C1,35,1,High_to_Low,3,pre_switch,0.4,0.8,0.8,0.4,-0.4,0.6,0.4,0.75,0.7,0.4,0.0,2,4,4
P35_C1,35,1,High_to_Low,4,pre_switch,0.8,1.0,1.0,0.8,-0.2,0.8,0.2,0.75,0.75,0.4,0.0,4,5,5
P35_C1,35,1,High_to_Low,5,post_switch,0.4,0.2,0.4,0.4,0.2,0.8,0.0,0.75,0.65,0.0,0.0,2,1,2
P35_C1,35,1,High_to_Low,6,post_switch,0.2,0.2,0.8,0.6,0.0,1.0,0.2,0.75,0.6,0.2,0.0,1,1,4
P35_C2,35,2,Low_to_High,1,pre_switch,0.2,0.2,0.6,0.4,0.0,1.0,0.2,0.75,0.55,0.2,0.0,1,1,3
P35_C2,35,2,Low_to_High,2,pre_switch,0.2,0.4,0.4,0.2,-0.2,0.8,0.2,0.5,0.55,0.2,0.0,1,2,2
P35_C2,35,2,Low_to_High,3,pre_switch,0.2,0.2,0.6,0.4,0.0,1.0,0.2,0.5,0.55,0.2,0.0,1,1,3
P35_C2,35,2,Low_to_High,4,pre_switch,0.4,0.0,0.6,0.8,0.4,0.6,-0.2,0.5,0.5,0.4,0.0,2,0,3
P35_C2,35,2,Low_to_High,5,post_switch,0.4,0.8,0.2,0.0,-0.4,0.2,0.2,0.5,0.4,0.4,0.0,2,4,1
P35_C2,35,2,Low_to_High,6,post_switch,0.2,0.8,0.4,0.2,-0.6,0.4,0.2,0.35,0.4,0.2,0.0,1,4,2
P36_C1,36,1,High_to_Low,1,pre_switch,0.6,0.8,0.6,0.2,-0.2,0.8,0.4,0.3,0.9,0.6,0.0,3,4,3
P36_C1,36,1,High_to_Low,2,pre_switch,0.8,0.6,0.4,0.2,0.2,0.4,0.2,0.65,0.6,0.6,0.0,4,3,2
P36_C1,36,1,High_to_Low,3,pre_switch,0.6,0.8,0.4,0.0,-0.2,0.4,0.4,0.4,0.45,0.6,0.0,3,4,2
P36_C1,36,1,High_to_Low,4,pre_switch,0.6,1.0,0.8,0.6,-0.4,0.6,0.2,0.7,0.65,0.2,0.0,3,5,4
P36_C1,36,1,High_to_Low,5,post_switch,0.4,0.2,0.0,0.0,0.2,0.4,0.0,0.35,0.45,0.4,0.0,2,1,0
P36_C1,36,1,High_to_Low,6,post_switch,0.8,0.2,0.4,0.4,0.6,0.4,0.0,0.4,0.4,0.6,0.0,4,1,2
P36_C2,36,2,Low_to_High,1,pre_switch,1.0,0.2,0.2,0.4,0.8,0.2,-0.2,0.45,0.55,1.0,0.0,5,1,1
P36_C2,36,2,Low_to_High,2,pre_switch,1.0,0.4,0.4,0.2,0.6,0.4,0.2,0.55,0.65,1.0,0.0,5,2,2
P36_C2,36,2,Low_to_High,3,pre_switch,1.0,0.2,0.2,0.2,0.8,0.2,0.0,0.6,0.7,1.0,0.0,5,1,1
P36_C2,36,2,Low_to_High,4,pre_switch,0.8,0.0,0.0,0.4,0.8,0.2,-0.4,0.6,0.55,0.8,0.0,4,0,0
P36_C2,36,2,Low_to_High,5,post_switch,0.4,0.8,0.6,0.2,-0.4,0.6,0.4,0.65,0.6,0.4,0.0,2,4,3
P36_C2,36,2,Low_to_High,6,post_switch,0.8,0.8,0.8,0.4,0.0,0.6,0.4,0.55,0.55,0.8,0.0,4,4,4
P37_C1,37,1,High_to_Low,1,pre_switch,0.8,0.8,1.0,1.0,0.0,1.0,0.0,0.8,0.7,0.2,0.0,4,4,5
P37_C1,37,1,High_to_Low,2,pre_switch,0.6,0.6,0.6,0.4,0.0,0.6,0.2,0.85,0.85,0.4,0.0,3,3,3
P37_C1,37,1,High_to_Low,3,pre_switch,0.6,0.8,0.8,0.6,-0.2,0.8,0.2,0.9,0.75,0.2,0.0,3,4,4
P37_C1,37,1,High_to_Low,4,pre_switch,0.8,1.0,1.0,0.8,-0.2,0.8,0.2,0.95,0.85,0.6,0.0,4,5,5
P37_C1,37,1,High_to_Low,5,post_switch,0.2,0.2,0.4,0.4,0.0,1.0,0.0,0.75,0.5,0.0,0.0,1,1,2
P37_C1,37,1,High_to_Low,6,post_switch,0.0,0.2,0.4,0.4,-0.2,0.8,0.0,0.7,0.3,0.0,0.0,0,1,2
P37_C2,37,2,Low_to_High,1,pre_switch,0.0,0.2,0.8,0.8,-0.2,0.8,0.0,0.95,0.45,0.0,0.0,0,1,4
P37_C2,37,2,Low_to_High,2,pre_switch,0.2,0.4,0.8,0.8,-0.2,0.8,0.0,0.75,0.4,0.0,0.0,1,2,4
P37_C2,37,2,Low_to_High,3,pre_switch,0.2,0.2,0.8,0.8,0.0,1.0,0.0,0.95,0.45,0.0,0.0,1,1,4
P37_C2,37,2,Low_to_High,4,pre_switch,0.0,0.0,0.8,0.8,0.0,1.0,0.0,0.95,0.35,0.0,0.0,0,0,4
P37_C2,37,2,Low_to_High,5,post_switch,0.8,0.8,0.8,0.6,0.0,1.0,0.2,0.9,0.9,0.2,0.0,4,4,4
P37_C2,37,2,Low_to_High,6,post_switch,1.0,0.8,0.8,0.2,0.2,0.8,0.6,1.0,0.85,0.8,0.0,5,4,4
P38_C1,38,1,High_to_Low,1,pre_switch,0.8,0.8,0.6,0.0,0.0,0.6,0.6,0.25,0.9,0.8,0.0,4,4,3
P38_C1,38,1,High_to_Low,2,pre_switch,0.6,0.6,0.4,0.4,0.0,0.6,0.0,0.35,0.55,0.4,0.0,3,3,2
P38_C1,38,1,High_to_Low,3,pre_switch,0.4,0.8,0.6,0.4,-0.4,0.6,0.2,0.3,0.65,0.2,0.0,2,4,3
P38_C1,38,1,High_to_Low,4,pre_switch,0.6,1.0,0.6,0.4,-0.4,0.6,0.2,0.25,0.75,0.2,0.0,3,5,3
P38_C1,38,1,High_to_Low,5,post_switch,0.6,0.2,0.2,0.0,0.4,0.6,0.2,0.25,0.75,0.6,0.0,3,1,1
P38_C1,38,1,High_to_Low,6,post_switch,0.8,0.2,0.2,0.4,0.6,0.4,-0.2,0.2,0.65,0.8,0.0,4,1,1
P38_C2,38,2,Low_to_High,1,pre_switch,0.2,0.2,0.2,0.2,0.0,0.6,0.0,0.5,0.5,0.2,0.0,1,1,1
P38_C2,38,2,Low_to_High,2,pre_switch,0.0,0.4,0.2,0.2,-0.4,0.6,0.0,0.5,0.5,0.0,0.0,0,2,1
P38_C2,38,2,Low_to_High,3,pre_switch,0.2,0.2,0.4,0.2,0.0,1.0,0.2,0.5,0.7,0.2,0.0,1,1,2
P38_C2,38,2,Low_to_High,4,pre_switch,0.2,0.0,0.2,0.2,0.2,0.8,0.0,0.5,0.7,0.2,0.0,1,0,1
P38_C2,38,2,Low_to_High,5,post_switch,0.2,0.8,0.0,0.0,-0.6,0.0,0.0,0.4,0.7,0.0,0.0,1,4,0
P38_C2,38,2,Low_to_High,6,post_switch,0.0,0.8,0.2,0.2,-0.8,0.2,0.0,0.5,0.55,0.0,0.0,0,4,1
P39_C1,39,1,High_to_Low,1,pre_switch,0.2,0.8,0.2,0.2,-0.6,0.4,0.0,0.75,0.75,0.0,0.0,1,4,1
P39_C1,39,1,High_to_Low,2,pre_switch,0.2,0.6,0.4,0.4,-0.4,0.6,0.0,0.75,0.75,0.0,0.0,1,3,2
P39_C1,39,1,High_to_Low,3,pre_switch,0.0,0.8,0.2,0.2,-0.8,0.2,0.0,0.75,0.75,0.0,0.0,0,4,1
P39_C1,39,1,High_to_Low,4,pre_switch,0.2,1.0,0.4,0.4,-0.8,0.2,0.0,0.75,0.75,0.0,0.0,1,5,2
P39_C1,39,1,High_to_Low,5,post_switch,0.0,0.2,0.0,0.2,-0.2,0.8,-0.2,0.7,0.7,0.0,0.0,0,1,0
P39_C1,39,1,High_to_Low,6,post_switch,0.0,0.2,0.0,0.0,-0.2,0.8,0.0,0.45,0.45,0.0,0.0,0,1,0
P39_C2,39,2,Low_to_High,1,pre_switch,0.0,0.2,0.6,0.6,-0.2,0.8,0.0,0.8,0.15,0.0,0.0,0,1,3
P39_C2,39,2,Low_to_High,2,pre_switch,0.0,0.4,0.2,0.2,-0.4,0.6,0.0,0.85,0.1,0.0,0.0,0,2,1
P39_C2,39,2,Low_to_High,3,pre_switch,0.4,0.2,0.4,0.4,0.2,0.8,0.0,0.8,0.6,0.2,0.0,2,1,2
P39_C2,39,2,Low_to_High,4,pre_switch,0.2,0.0,0.0,0.0,0.2,0.8,0.0,0.85,0.5,0.0,0.0,1,0,0
P39_C2,39,2,Low_to_High,5,post_switch,0.4,0.8,0.2,0.2,-0.4,0.2,0.0,0.65,0.5,0.4,0.0,2,4,1
P39_C2,39,2,Low_to_High,6,post_switch,0.8,0.8,0.8,0.4,0.0,0.6,0.4,0.8,0.7,0.6,0.0,4,4,4
P03_C1,3,1,High_to_Low,1,pre_switch,0.6,0.8,0.6,0.4,-0.2,0.8,0.2,0.4,0.7,0.4,0.0,3,4,3
P03_C1,3,1,High_to_Low,2,pre_switch,1.0,0.6,0.6,0.6,0.4,0.6,0.0,0.5,0.75,0.8,0.0,5,3,3
P03_C1,3,1,High_to_Low,3,pre_switch,0.4,0.8,0.8,0.8,-0.4,0.6,0.0,0.5,0.7,0.2,0.0,2,4,4
P03_C1,3,1,High_to_Low,4,pre_switch,0.8,1.0,1.0,0.6,-0.2,0.8,0.4,0.5,0.75,0.4,0.0,4,5,5
P03_C1,3,1,High_to_Low,5,post_switch,0.6,0.2,0.0,0.2,0.4,0.2,-0.2,0.5,0.75,0.6,0.0,3,1,0
P03_C1,3,1,High_to_Low,6,post_switch,1.0,0.2,0.2,0.6,0.8,0.2,-0.4,0.25,0.5,1.0,0.0,5,1,1
P03_C2,3,2,Low_to_High,1,pre_switch,0.4,0.2,0.4,0.4,0.2,0.8,0.0,0.55,1.0,0.4,0.0,2,1,2
P03_C2,3,2,Low_to_High,2,pre_switch,0.4,0.4,0.4,0.4,0.0,0.6,0.0,0.55,0.7,0.4,0.0,2,2,2
P03_C2,3,2,Low_to_High,3,pre_switch,0.0,0.2,0.2,0.2,-0.2,0.8,0.0,0.55,0.6,0.0,0.0,0,1,1
P03_C2,3,2,Low_to_High,4,pre_switch,0.2,0.0,0.4,0.4,0.2,0.8,0.0,0.4,0.45,0.0,0.0,1,0,2
P03_C2,3,2,Low_to_High,5,post_switch,0.2,0.8,0.2,0.0,-0.6,0.4,0.2,0.15,0.5,0.2,0.0,1,4,1
P03_C2,3,2,Low_to_High,6,post_switch,1.0,0.8,0.8,0.0,0.2,0.8,0.8,0.2,0.3,0.8,0.0,5,4,4
P40_C1,40,1,High_to_Low,1,pre_switch,0.6,0.8,0.6,0.6,-0.2,0.4,0.0,0.55,0.65,0.4,0.0,3,4,3
P40_C1,40,1,High_to_Low,2,pre_switch,0.6,0.6,0.4,0.2,0.0,0.6,0.2,0.45,0.5,0.4,0.0,3,3,2
P40_C1,40,1,High_to_Low,3,pre_switch,0.8,0.8,0.6,0.6,0.0,0.6,0.0,0.55,0.7,0.4,0.0,4,4,3
P40_C1,40,1,High_to_Low,4,pre_switch,1.0,1.0,1.0,0.4,0.0,1.0,0.6,0.5,0.55,0.6,0.0,5,5,5
P40_C1,40,1,High_to_Low,5,post_switch,0.0,0.2,0.8,0.8,-0.2,0.8,0.0,0.6,0.65,0.0,0.0,0,1,4
P40_C1,40,1,High_to_Low,6,post_switch,0.4,0.2,0.2,0.4,0.2,0.4,-0.2,0.5,0.55,0.2,0.0,2,1,1
P40_C2,40,2,Low_to_High,1,pre_switch,0.2,0.2,0.2,0.2,0.0,0.6,0.0,0.55,0.5,0.2,0.0,1,1,1
P40_C2,40,2,Low_to_High,2,pre_switch,0.6,0.4,0.6,0.2,0.2,0.8,0.4,0.5,0.55,0.6,0.0,3,2,3
P40_C2,40,2,Low_to_High,3,pre_switch,0.6,0.2,0.2,0.2,0.4,0.6,0.0,0.35,0.4,0.6,0.0,3,1,1
P40_C2,40,2,Low_to_High,4,pre_switch,0.2,0.0,0.6,0.8,0.2,0.8,-0.2,0.45,0.35,0.2,0.0,1,0,3
P40_C2,40,2,Low_to_High,5,post_switch,0.4,0.8,0.4,0.0,-0.4,0.6,0.4,0.45,0.5,0.4,0.0,2,4,2
P40_C2,40,2,Low_to_High,6,post_switch,1.0,0.8,0.8,0.0,0.2,0.8,0.8,0.5,0.55,1.0,0.0,5,4,4
P41_C1,41,1,High_to_Low,1,pre_switch,0.8,0.8,0.6,0.6,0.0,0.6,0.0,0.45,0.45,0.4,0.0,4,4,3
P41_C1,41,1,High_to_Low,2,pre_switch,0.8,0.6,0.6,0.4,0.2,0.8,0.2,0.6,0.5,0.6,0.0,4,3,3
P41_C1,41,1,High_to_Low,3,pre_switch,1.0,0.8,0.8,0.4,0.2,0.8,0.4,0.6,0.7,0.8,0.0,5,4,4
P41_C1,41,1,High_to_Low,4,pre_switch,1.0,1.0,1.0,0.4,0.0,1.0,0.6,0.6,0.75,1.0,0.0,5,5,5
P41_C1,41,1,High_to_Low,5,post_switch,0.4,0.2,0.0,0.2,0.2,0.4,-0.2,0.5,0.65,0.4,0.0,2,1,0
P41_C1,41,1,High_to_Low,6,post_switch,0.6,0.2,0.2,0.2,0.4,0.6,0.0,0.75,0.15,0.6,0.0,3,1,1
P41_C2,41,2,Low_to_High,1,pre_switch,0.6,0.2,0.6,0.4,0.4,0.6,0.2,0.45,0.65,0.6,0.0,3,1,3
P41_C2,41,2,Low_to_High,2,pre_switch,0.6,0.4,0.6,0.2,0.2,0.8,0.4,0.55,0.55,0.6,0.0,3,2,3
P41_C2,41,2,Low_to_High,3,pre_switch,0.4,0.2,0.0,0.0,0.2,0.4,0.0,0.55,0.15,0.4,0.0,2,1,0
P41_C2,41,2,Low_to_High,4,pre_switch,0.6,0.0,0.2,0.6,0.6,0.4,-0.4,0.65,0.2,0.4,0.0,3,0,1
P41_C2,41,2,Low_to_High,5,post_switch,0.4,0.8,0.4,0.2,-0.4,0.6,0.2,0.55,0.6,0.4,0.0,2,4,2
P41_C2,41,2,Low_to_High,6,post_switch,0.0,0.8,0.2,0.0,-0.8,0.2,0.2,0.3,0.3,0.0,0.0,0,4,1
P42_C1,42,1,High_to_Low,1,pre_switch,0.6,0.8,0.4,0.2,-0.2,0.4,0.2,0.5,0.5,0.6,0.0,3,4,2
P42_C1,42,1,High_to_Low,2,pre_switch,0.6,0.6,0.6,0.4,0.0,0.6,0.2,0.5,0.5,0.4,0.0,3,3,3
P42_C1,42,1,High_to_Low,3,pre_switch,1.0,0.8,0.8,0.0,0.2,0.8,0.8,0.55,0.45,1.0,0.0,5,4,4
P42_C1,42,1,High_to_Low,4,pre_switch,0.4,1.0,0.4,0.2,-0.6,0.4,0.2,0.25,0.25,0.2,0.0,2,5,2
P42_C1,42,1,High_to_Low,5,post_switch,0.6,0.2,0.2,0.2,0.4,0.6,0.0,0.35,0.35,0.6,0.0,3,1,1
P42_C1,42,1,High_to_Low,6,post_switch,0.6,0.2,0.2,0.2,0.4,0.6,0.0,0.3,0.1,0.6,0.0,3,1,1
P42_C2,42,2,Low_to_High,1,pre_switch,0.2,0.2,0.6,0.6,0.0,1.0,0.0,0.3,0.6,0.2,0.0,1,1,3
P42_C2,42,2,Low_to_High,2,pre_switch,0.4,0.4,0.6,0.4,0.0,0.6,0.2,0.4,0.55,0.4,0.0,2,2,3
P42_C2,42,2,Low_to_High,3,pre_switch,0.4,0.2,0.2,0.0,0.2,0.8,0.2,0.25,0.45,0.4,0.0,2,1,1
P42_C2,42,2,Low_to_High,4,pre_switch,0.0,0.0,0.6,0.6,0.0,1.0,0.0,0.25,0.35,0.0,0.0,0,0,3
P42_C2,42,2,Low_to_High,5,post_switch,0.4,0.8,0.2,0.0,-0.4,0.2,0.2,0.1,0.45,0.4,0.0,2,4,1
P42_C2,42,2,Low_to_High,6,post_switch,0.0,0.8,0.2,0.2,-0.8,0.2,0.0,0.25,0.5,0.0,0.0,0,4,1
P43_C1,43,1,High_to_Low,1,pre_switch,0.2,0.8,0.8,0.8,-0.6,0.4,0.0,0.5,0.5,0.0,0.0,1,4,4
P43_C1,43,1,High_to_Low,2,pre_switch,0.0,0.6,0.6,0.6,-0.6,0.4,0.0,0.5,0.5,0.0,0.0,0,3,3
P43_C1,43,1,High_to_Low,3,pre_switch,0.4,0.8,0.4,0.2,-0.4,0.6,0.2,0.5,0.5,0.4,0.0,2,4,2
P43_C1,43,1,High_to_Low,4,pre_switch,0.6,1.0,0.8,0.4,-0.4,0.6,0.4,0.5,0.5,0.4,0.0,3,5,4
P43_C1,43,1,High_to_Low,5,post_switch,0.2,0.2,0.6,0.6,0.0,1.0,0.0,0.5,0.5,0.0,0.0,1,1,3
P43_C1,43,1,High_to_Low,6,post_switch,0.0,0.2,0.6,0.6,-0.2,0.8,0.0,0.5,0.5,0.0,0.0,0,1,3
P43_C2,43,2,Low_to_High,1,pre_switch,0.6,0.2,0.4,0.4,0.4,0.6,0.0,0.35,0.5,0.4,0.0,3,1,2
P43_C2,43,2,Low_to_High,2,pre_switch,0.8,0.4,0.6,0.4,0.4,0.6,0.2,0.45,0.5,0.4,0.0,4,2,3
P43_C2,43,2,Low_to_High,3,pre_switch,1.0,0.2,0.2,0.2,0.8,0.2,0.0,0.5,0.4,0.8,0.0,5,1,1
P43_C2,43,2,Low_to_High,4,pre_switch,0.4,0.0,0.0,0.4,0.4,0.6,-0.4,0.45,0.45,0.4,0.0,2,0,0
P43_C2,43,2,Low_to_High,5,post_switch,0.2,0.8,0.4,0.2,-0.6,0.4,0.2,0.0,0.25,0.2,0.0,1,4,2
P43_C2,43,2,Low_to_High,6,post_switch,0.8,0.8,0.6,0.2,0.0,0.6,0.4,0.0,0.4,0.8,0.0,4,4,3
P44_C1,44,1,High_to_Low,1,pre_switch,0.6,0.8,0.8,0.4,-0.2,0.8,0.4,0.55,0.65,0.4,0.0,3,4,4
P44_C1,44,1,High_to_Low,2,pre_switch,0.8,0.6,0.4,0.6,0.2,0.4,-0.2,0.5,0.55,0.6,0.0,4,3,2
P44_C1,44,1,High_to_Low,3,pre_switch,0.4,0.8,0.6,0.4,-0.4,0.6,0.2,0.4,0.55,0.4,0.0,2,4,3
P44_C1,44,1,High_to_Low,4,pre_switch,1.0,1.0,1.0,0.6,0.0,1.0,0.4,0.5,0.7,0.6,0.0,5,5,5
P44_C1,44,1,High_to_Low,5,post_switch,0.6,0.2,0.4,0.4,0.4,0.6,0.0,0.55,0.55,0.6,0.0,3,1,2
P44_C1,44,1,High_to_Low,6,post_switch,0.8,0.2,0.2,0.2,0.6,0.4,0.0,0.25,0.35,0.8,0.0,4,1,1
P44_C2,44,2,Low_to_High,1,pre_switch,0.6,0.2,0.0,0.0,0.4,0.2,0.0,0.6,0.35,0.6,0.0,3,1,0
P44_C2,44,2,Low_to_High,2,pre_switch,0.8,0.4,0.4,0.2,0.4,0.6,0.2,0.55,0.2,0.8,0.0,4,2,2
P44_C2,44,2,Low_to_High,3,pre_switch,0.6,0.2,0.4,0.2,0.4,0.6,0.2,0.5,0.25,0.6,0.0,3,1,2
P44_C2,44,2,Low_to_High,4,pre_switch,1.0,0.0,0.0,0.2,1.0,0.0,-0.2,0.55,0.1,0.8,0.0,5,0,0
P44_C2,44,2,Low_to_High,5,post_switch,0.6,0.8,0.8,0.4,-0.2,0.8,0.4,0.65,0.15,0.6,0.0,3,4,4
P44_C2,44,2,Low_to_High,6,post_switch,1.0,0.8,0.8,0.2,0.2,0.8,0.6,0.5,0.35,1.0,0.0,5,4,4
P45_C1,45,1,High_to_Low,1,pre_switch,0.8,0.8,0.6,0.0,0.0,0.6,0.6,0.25,0.75,0.8,0.0,4,4,3
P45_C1,45,1,High_to_Low,2,pre_switch,0.6,0.6,0.2,0.2,0.0,0.2,0.0,0.05,0.35,0.6,0.0,3,3,1
P45_C1,45,1,High_to_Low,3,pre_switch,0.8,0.8,0.6,0.0,0.0,0.6,0.6,0.0,0.75,0.8,0.0,4,4,3
P45_C1,45,1,High_to_Low,4,pre_switch,0.8,1.0,0.8,0.4,-0.2,0.8,0.4,0.2,1.0,0.6,0.0,4,5,4
P45_C1,45,1,High_to_Low,5,post_switch,0.8,0.2,0.2,0.0,0.6,0.4,0.2,0.0,0.2,0.8,0.0,4,1,1
P45_C1,45,1,High_to_Low,6,post_switch,0.8,0.2,0.2,0.2,0.6,0.4,0.0,0.0,0.0,0.8,0.0,4,1,1
P45_C2,45,2,Low_to_High,1,pre_switch,0.4,0.2,0.0,0.0,0.2,0.4,0.0,0.5,0.5,0.4,0.0,2,1,0
P45_C2,45,2,Low_to_High,2,pre_switch,0.6,0.4,0.2,0.2,0.2,0.4,0.0,0.5,0.5,0.6,0.0,3,2,1
P45_C2,45,2,Low_to_High,3,pre_switch,0.4,0.2,0.2,0.2,0.2,0.4,0.0,0.65,0.35,0.4,0.0,2,1,1
P45_C2,45,2,Low_to_High,4,pre_switch,0.4,0.0,0.4,0.8,0.4,0.6,-0.4,0.6,0.3,0.2,0.0,2,0,2
P45_C2,45,2,Low_to_High,5,post_switch,0.6,0.8,0.4,0.2,-0.2,0.4,0.2,0.5,0.5,0.4,0.0,3,4,2
P45_C2,45,2,Low_to_High,6,post_switch,0.4,0.8,0.2,0.0,-0.4,0.2,0.2,0.5,0.5,0.4,0.0,2,4,1
P46_C1,46,1,High_to_Low,1,pre_switch,0.6,0.8,0.6,0.4,-0.2,0.4,0.2,0.5,1.0,0.4,0.0,3,4,3
P46_C1,46,1,High_to_Low,2,pre_switch,0.4,0.6,0.2,0.4,-0.2,0.4,-0.2,0.5,0.85,0.2,0.0,2,3,1
P46_C1,46,1,High_to_Low,3,pre_switch,0.4,0.8,0.6,0.2,-0.4,0.6,0.4,0.5,0.75,0.4,0.0,2,4,3
P46_C1,46,1,High_to_Low,4,pre_switch,0.8,1.0,1.0,0.8,-0.2,0.8,0.2,0.5,0.75,0.2,0.0,4,5,5
P46_C1,46,1,High_to_Low,5,post_switch,0.2,0.2,0.4,0.6,0.0,0.6,-0.2,0.5,0.75,0.2,0.0,1,1,2
P46_C1,46,1,High_to_Low,6,post_switch,0.4,0.2,0.6,0.4,0.2,0.8,0.2,0.5,0.7,0.4,0.0,2,1,3
P46_C2,46,2,Low_to_High,1,pre_switch,0.2,0.2,0.6,0.4,0.0,1.0,0.2,0.5,0.45,0.2,0.0,1,1,3
P46_C2,46,2,Low_to_High,2,pre_switch,0.2,0.4,0.4,0.2,-0.2,0.8,0.2,0.5,0.5,0.2,0.0,1,2,2
P46_C2,46,2,Low_to_High,3,pre_switch,0.2,0.2,0.2,0.2,0.0,0.6,0.0,0.5,0.5,0.2,0.0,1,1,1
P46_C2,46,2,Low_to_High,4,pre_switch,0.4,0.0,0.0,0.0,0.4,0.6,0.0,0.4,0.4,0.2,0.0,2,0,0
P46_C2,46,2,Low_to_High,5,post_switch,0.2,0.8,0.0,0.0,-0.6,0.0,0.0,0.55,0.55,0.0,0.0,1,4,0
P46_C2,46,2,Low_to_High,6,post_switch,0.4,0.8,0.4,0.2,-0.4,0.6,0.2,0.65,0.65,0.4,0.0,2,4,2
P47_C1,47,1,High_to_Low,1,pre_switch,0.6,0.8,0.6,0.4,-0.2,0.8,0.2,0.75,0.65,0.2,0.0,3,4,3
P47_C1,47,1,High_to_Low,2,pre_switch,0.4,0.6,0.2,0.4,-0.2,0.4,-0.2,0.65,0.7,0.2,0.0,2,3,1
P47_C1,47,1,High_to_Low,3,pre_switch,0.4,0.8,0.6,0.4,-0.4,0.6,0.2,0.7,0.7,0.2,0.0,2,4,3
P47_C1,47,1,High_to_Low,4,pre_switch,0.8,1.0,1.0,0.6,-0.2,0.8,0.4,0.75,0.7,0.6,0.0,4,5,5
P47_C1,47,1,High_to_Low,5,post_switch,0.6,0.2,0.4,0.6,0.4,0.6,-0.2,0.65,0.6,0.4,0.0,3,1,2
P47_C1,47,1,High_to_Low,6,post_switch,0.2,0.2,0.4,0.4,0.0,0.6,0.0,0.7,0.65,0.2,0.0,1,1,2
P47_C2,47,2,Low_to_High,1,pre_switch,0.4,0.2,0.2,0.2,0.2,0.4,0.0,0.6,0.5,0.4,0.0,2,1,1
P47_C2,47,2,Low_to_High,2,pre_switch,0.6,0.4,0.4,0.2,0.2,0.4,0.2,0.4,0.45,0.6,0.0,3,2,2
P47_C2,47,2,Low_to_High,3,pre_switch,0.6,0.2,0.2,0.2,0.4,0.6,0.0,0.55,0.5,0.4,0.0,3,1,1
P47_C2,47,2,Low_to_High,4,pre_switch,0.2,0.0,0.4,0.6,0.2,0.8,-0.2,0.55,0.5,0.2,0.0,1,0,2
P47_C2,47,2,Low_to_High,5,post_switch,0.4,0.8,0.4,0.2,-0.4,0.6,0.2,0.45,0.6,0.2,0.0,2,4,2
P47_C2,47,2,Low_to_High,6,post_switch,0.4,0.8,0.4,0.2,-0.4,0.2,0.2,0.45,0.55,0.4,0.0,2,4,2
P48_C1,48,1,High_to_Low,1,pre_switch,0.6,0.8,0.6,0.2,-0.2,0.8,0.4,0.45,0.5,0.4,0.0,3,4,3
P48_C1,48,1,High_to_Low,2,pre_switch,0.6,0.6,0.6,0.6,0.0,0.6,0.0,0.45,0.45,0.4,0.0,3,3,3
P48_C1,48,1,High_to_Low,3,pre_switch,0.6,0.8,0.6,0.0,-0.2,0.8,0.6,0.5,0.5,0.6,0.0,3,4,3
P48_C1,48,1,High_to_Low,4,pre_switch,0.8,1.0,0.8,0.6,-0.2,0.8,0.2,0.45,0.5,0.4,0.0,4,5,4
P48_C1,48,1,High_to_Low,5,post_switch,0.4,0.2,0.4,0.4,0.2,0.8,0.0,0.5,0.5,0.4,0.0,2,1,2
P48_C1,48,1,High_to_Low,6,post_switch,0.6,0.2,0.4,0.2,0.4,0.6,0.2,0.25,0.5,0.6,0.0,3,1,2
P48_C2,48,2,Low_to_High,1,pre_switch,0.2,0.2,0.4,0.4,0.0,0.6,0.0,0.55,0.35,0.2,0.0,1,1,2
P48_C2,48,2,Low_to_High,2,pre_switch,0.6,0.4,0.4,0.2,0.2,0.4,0.2,0.55,0.5,0.6,0.0,3,2,2
P48_C2,48,2,Low_to_High,3,pre_switch,0.6,0.2,0.2,0.0,0.4,0.6,0.2,0.4,0.25,0.4,0.0,3,1,1
P48_C2,48,2,Low_to_High,4,pre_switch,0.2,0.0,0.6,0.6,0.2,0.8,0.0,0.5,0.25,0.2,0.0,1,0,3
P48_C2,48,2,Low_to_High,5,post_switch,0.6,0.8,0.4,0.4,-0.2,0.4,0.0,0.4,0.45,0.6,0.0,3,4,2
P48_C2,48,2,Low_to_High,6,post_switch,0.6,0.8,0.4,0.2,-0.2,0.4,0.2,0.45,0.45,0.4,0.0,3,4,2
P49_C1,49,1,High_to_Low,1,pre_switch,0.6,0.8,0.6,0.2,-0.2,0.8,0.4,0.45,0.9,0.4,0.0,3,4,3
P49_C1,49,1,High_to_Low,2,pre_switch,0.4,0.6,0.2,0.2,-0.2,0.4,0.0,0.6,0.5,0.2,0.0,2,3,1
P49_C1,49,1,High_to_Low,3,pre_switch,0.6,0.8,0.6,0.2,-0.2,0.8,0.4,0.35,0.75,0.6,0.0,3,4,3
P49_C1,49,1,High_to_Low,4,pre_switch,0.8,1.0,0.8,0.4,-0.2,0.8,0.4,0.35,1.0,0.4,0.0,4,5,4
P49_C1,49,1,High_to_Low,5,post_switch,0.6,0.2,0.0,0.0,0.4,0.2,0.0,0.3,0.3,0.6,0.0,3,1,0
P49_C1,49,1,High_to_Low,6,post_switch,0.4,0.2,0.6,0.6,0.2,0.8,0.0,0.2,0.5,0.4,0.0,2,1,3
P49_C2,49,2,Low_to_High,1,pre_switch,0.0,0.2,0.2,0.0,-0.2,0.8,0.2,0.35,0.95,0.0,0.0,0,1,1
P49_C2,49,2,Low_to_High,2,pre_switch,0.0,0.4,0.2,0.2,-0.4,0.6,0.0,0.35,0.85,0.0,0.0,0,2,1
P49_C2,49,2,Low_to_High,3,pre_switch,0.2,0.2,0.0,0.0,0.0,0.6,0.0,0.2,1.0,0.2,0.0,1,1,0
P49_C2,49,2,Low_to_High,4,pre_switch,0.4,0.0,0.0,0.0,0.4,0.6,0.0,0.1,1.0,0.2,0.0,2,0,0
P49_C2,49,2,Low_to_High,5,post_switch,0.2,0.8,0.2,0.0,-0.6,0.4,0.2,0.35,0.95,0.2,0.0,1,4,1
P49_C2,49,2,Low_to_High,6,post_switch,0.6,0.8,0.6,0.0,-0.2,0.8,0.6,0.5,0.95,0.6,0.0,3,4,3
P04_C1,4,1,High_to_Low,1,pre_switch,1.0,0.8,0.8,0.2,0.2,0.8,0.6,0.55,0.75,0.8,0.0,5,4,4
P04_C1,4,1,High_to_Low,2,pre_switch,0.8,0.6,0.4,0.6,0.2,0.4,-0.2,0.5,0.75,0.6,0.0,4,3,2
P04_C1,4,1,High_to_Low,3,pre_switch,1.0,0.8,0.8,0.2,0.2,0.8,0.6,0.5,0.75,1.0,0.0,5,4,4
P04_C1,4,1,High_to_Low,4,pre_switch,0.8,1.0,0.8,0.2,-0.2,0.8,0.6,0.5,0.75,0.6,0.0,4,5,4
P04_C1,4,1,High_to_Low,5,post_switch,1.0,0.2,0.2,0.2,0.8,0.2,0.0,0.5,0.65,1.0,0.0,5,1,1
P04_C1,4,1,High_to_Low,6,post_switch,0.8,0.2,0.4,0.2,0.6,0.4,0.2,0.55,0.5,0.8,0.0,4,1,2
P04_C2,4,2,Low_to_High,1,pre_switch,0.2,0.2,0.2,0.2,0.0,0.6,0.0,0.25,0.6,0.2,0.0,1,1,1
P04_C2,4,2,Low_to_High,2,pre_switch,0.8,0.4,0.4,0.0,0.4,0.6,0.4,0.25,0.5,0.6,0.0,4,2,2
P04_C2,4,2,Low_to_High,3,pre_switch,0.8,0.2,0.2,0.0,0.6,0.4,0.2,0.25,0.5,0.8,0.0,4,1,1
P04_C2,4,2,Low_to_High,4,pre_switch,0.6,0.0,0.2,0.4,0.6,0.4,-0.2,0.2,0.35,0.6,0.0,3,0,1
P04_C2,4,2,Low_to_High,5,post_switch,0.8,0.8,0.6,0.0,0.0,0.6,0.6,0.0,0.25,0.8,0.0,4,4,3
P04_C2,4,2,Low_to_High,6,post_switch,1.0,0.8,0.8,0.2,0.2,0.8,0.6,0.0,0.25,1.0,0.0,5,4,4
P50_C1,50,1,High_to_Low,1,pre_switch,0.6,0.8,0.6,0.6,-0.2,0.4,0.0,0.5,0.5,0.2,0.0,3,4,3
P50_C1,50,1,High_to_Low,2,pre_switch,0.4,0.6,0.4,0.4,-0.2,0.4,0.0,0.5,0.5,0.2,0.0,2,3,2
P50_C1,50,1,High_to_Low,3,pre_switch,0.2,0.8,0.4,0.0,-0.6,0.4,0.4,0.5,0.5,0.2,0.0,1,4,2
P50_C1,50,1,High_to_Low,4,pre_switch,0.8,1.0,0.8,0.8,-0.2,0.8,0.0,0.5,0.5,0.0,0.0,4,5,4
P50_C1,50,1,High_to_Low,5,post_switch,0.0,0.2,0.2,0.2,-0.2,0.8,0.0,0.5,0.5,0.0,0.0,0,1,1
P50_C1,50,1,High_to_Low,6,post_switch,0.8,0.2,0.2,0.0,0.6,0.4,0.2,0.5,0.5,0.8,0.0,4,1,1
P50_C2,50,2,Low_to_High,1,pre_switch,0.6,0.2,0.2,0.4,0.4,0.6,-0.2,0.3,0.5,0.6,0.0,3,1,1
P50_C2,50,2,Low_to_High,2,pre_switch,0.6,0.4,0.6,0.2,0.2,0.8,0.4,0.5,0.45,0.6,0.0,3,2,3
P50_C2,50,2,Low_to_High,3,pre_switch,1.0,0.2,0.2,0.0,0.8,0.2,0.2,0.4,0.25,0.8,0.0,5,1,1
P50_C2,50,2,Low_to_High,4,pre_switch,0.2,0.0,0.2,0.6,0.2,0.8,-0.4,0.5,0.2,0.2,0.0,1,0,1
P50_C2,50,2,Low_to_High,5,post_switch,0.6,0.8,0.4,0.2,-0.2,0.4,0.2,0.3,0.45,0.6,0.0,3,4,2
P50_C2,50,2,Low_to_High,6,post_switch,0.4,0.8,0.4,0.2,-0.4,0.2,0.2,0.6,0.35,0.4,0.0,2,4,2
P05_C1,5,1,High_to_Low,1,pre_switch,1.0,0.8,0.8,0.0,0.2,0.8,0.8,0.7,0.7,1.0,0.0,5,4,4
P05_C1,5,1,High_to_Low,2,pre_switch,1.0,0.6,0.6,0.4,0.4,0.6,0.2,0.75,0.7,0.8,0.0,5,3,3
P05_C1,5,1,High_to_Low,3,pre_switch,1.0,0.8,0.8,0.0,0.2,0.8,0.8,0.6,0.7,1.0,0.0,5,4,4
P05_C1,5,1,High_to_Low,4,pre_switch,1.0,1.0,1.0,0.2,0.0,1.0,0.8,0.7,0.7,0.8,0.0,5,5,5
P05_C1,5,1,High_to_Low,5,post_switch,1.0,0.2,0.2,0.0,0.8,0.2,0.2,0.55,0.6,1.0,0.0,5,1,1
P05_C1,5,1,High_to_Low,6,post_switch,1.0,0.2,0.2,0.0,0.8,0.2,0.2,0.5,0.4,0.8,0.0,5,1,1
P05_C2,5,2,Low_to_High,1,pre_switch,0.0,0.2,0.4,0.4,-0.2,0.8,0.0,0.5,0.5,0.0,0.0,0,1,2
P05_C2,5,2,Low_to_High,2,pre_switch,0.2,0.4,0.2,0.2,-0.2,0.4,0.0,0.45,0.35,0.2,0.0,1,2,1
P05_C2,5,2,Low_to_High,3,pre_switch,0.6,0.2,0.4,0.2,0.4,0.6,0.2,0.3,0.2,0.6,0.0,3,1,2
P05_C2,5,2,Low_to_High,4,pre_switch,0.2,0.0,0.6,0.6,0.2,0.8,0.0,0.35,0.25,0.2,0.0,1,0,3
P05_C2,5,2,Low_to_High,5,post_switch,0.4,0.8,0.8,0.4,-0.4,0.6,0.4,0.6,0.5,0.4,0.0,2,4,4
P05_C2,5,2,Low_to_High,6,post_switch,0.2,0.8,0.0,0.2,-0.6,0.0,-0.2,0.25,0.25,0.2,0.0,1,4,0
P06_C1,6,1,High_to_Low,1,pre_switch,0.2,0.8,0.6,0.6,-0.6,0.4,0.0,0.5,0.55,0.0,0.2,1,4,3
P06_C1,6,1,High_to_Low,2,pre_switch,0.4,0.6,0.6,0.4,-0.2,0.8,0.2,0.5,0.55,0.2,0.0,2,3,3
P06_C1,6,1,High_to_Low,3,pre_switch,0.6,0.8,0.6,0.4,-0.2,0.8,0.2,0.45,0.55,0.4,0.0,3,4,3
P06_C1,6,1,High_to_Low,4,pre_switch,0.6,1.0,0.6,0.6,-0.4,0.6,0.0,0.45,0.5,0.4,0.0,3,5,3
P06_C1,6,1,High_to_Low,5,post_switch,0.6,0.2,0.6,0.8,0.4,0.6,-0.2,0.2,0.25,0.4,0.0,3,1,3
P06_C1,6,1,High_to_Low,6,post_switch,0.4,0.2,0.6,0.6,0.2,0.8,0.0,0.2,0.25,0.4,0.0,2,1,3
P06_C2,6,2,Low_to_High,1,pre_switch,0.0,0.2,0.6,0.6,-0.2,0.8,0.0,0.75,0.45,0.0,0.0,0,1,3
P06_C2,6,2,Low_to_High,2,pre_switch,0.0,0.4,0.8,0.8,-0.4,0.6,0.0,0.75,0.7,0.0,0.0,0,2,4
P06_C2,6,2,Low_to_High,3,pre_switch,0.2,0.2,0.6,0.6,0.0,1.0,0.0,0.75,0.5,0.0,0.0,1,1,3
P06_C2,6,2,Low_to_High,4,pre_switch,0.0,0.0,0.8,0.8,0.0,1.0,0.0,0.65,0.35,0.0,0.0,0,0,4
P06_C2,6,2,Low_to_High,5,post_switch,0.4,0.8,0.6,0.6,-0.4,0.6,0.0,0.75,0.45,0.0,0.0,2,4,3
P06_C2,6,2,Low_to_High,6,post_switch,0.0,0.8,0.4,0.6,-0.8,0.2,-0.2,0.75,0.4,0.0,0.0,0,4,2
P07_C1,7,1,High_to_Low,1,pre_switch,0.0,0.8,0.0,0.0,-0.8,0.2,0.0,0.3,0.75,0.0,0.0,0,4,0
P07_C1,7,1,High_to_Low,2,pre_switch,0.0,0.6,0.0,0.0,-0.6,0.4,0.0,0.25,0.65,0.0,0.0,0,3,0
P07_C1,7,1,High_to_Low,3,pre_switch,0.0,0.8,0.0,0.0,-0.8,0.2,0.0,0.25,0.75,0.0,0.0,0,4,0
P07_C1,7,1,High_to_Low,4,pre_switch,0.0,1.0,0.0,0.0,-1.0,0.0,0.0,0.2,0.75,0.0,0.0,0,5,0
P07_C1,7,1,High_to_Low,5,post_switch,0.0,0.2,0.0,0.0,-0.2,0.8,0.0,0.25,0.75,0.0,0.0,0,1,0
P07_C1,7,1,High_to_Low,6,post_switch,0.4,0.2,0.4,0.0,0.2,0.8,0.4,0.3,0.45,0.4,0.0,2,1,2
P07_C2,7,2,Low_to_High,1,pre_switch,0.2,0.2,0.4,0.6,0.0,0.6,-0.2,0.65,0.3,0.2,0.0,1,1,2
P07_C2,7,2,Low_to_High,2,pre_switch,0.6,0.4,0.2,0.2,0.2,0.4,0.0,0.05,0.05,0.4,0.0,3,2,1
P07_C2,7,2,Low_to_High,3,pre_switch,0.8,0.2,0.2,0.0,0.6,0.4,0.2,0.15,0.15,0.8,0.0,4,1,1
P07_C2,7,2,Low_to_High,4,pre_switch,0.4,0.0,0.4,0.2,0.4,0.6,0.2,0.2,0.2,0.4,0.0,2,0,2
P07_C2,7,2,Low_to_High,5,post_switch,0.8,0.8,0.6,0.2,0.0,0.6,0.4,0.3,0.25,0.8,0.0,4,4,3
P07_C2,7,2,Low_to_High,6,post_switch,0.8,0.8,0.6,0.0,0.0,0.6,0.6,0.3,0.35,0.8,0.0,4,4,3
P08_C1,8,1,High_to_Low,1,pre_switch,1.0,0.8,0.8,0.4,0.2,0.8,0.4,0.55,0.75,0.6,0.0,5,4,4
P08_C1,8,1,High_to_Low,2,pre_switch,0.6,0.6,0.2,0.2,0.0,0.2,0.0,0.5,0.65,0.4,0.0,3,3,1
P08_C1,8,1,High_to_Low,3,pre_switch,0.6,0.8,0.8,0.2,-0.2,0.8,0.6,0.55,0.7,0.6,0.0,3,4,4
P08_C1,8,1,High_to_Low,4,pre_switch,0.8,1.0,0.8,0.4,-0.2,0.8,0.4,0.55,0.7,0.6,0.0,4,5,4
P08_C1,8,1,High_to_Low,5,post_switch,0.6,0.2,0.0,0.0,0.4,0.2,0.0,0.5,0.45,0.6,0.0,3,1,0
P08_C1,8,1,High_to_Low,6,post_switch,0.6,0.2,0.4,0.2,0.4,0.6,0.2,0.4,0.45,0.4,0.0,3,1,2
P08_C2,8,2,Low_to_High,1,pre_switch,0.6,0.2,0.6,0.2,0.4,0.6,0.4,0.5,0.55,0.6,0.0,3,1,3
P08_C2,8,2,Low_to_High,2,pre_switch,0.6,0.4,0.4,0.4,0.2,0.4,0.0,0.5,0.45,0.6,0.0,3,2,2
P08_C2,8,2,Low_to_High,3,pre_switch,0.2,0.2,0.4,0.4,0.0,0.6,0.0,0.5,0.45,0.2,0.0,1,1,2
P08_C2,8,2,Low_to_High,4,pre_switch,0.2,0.0,0.4,0.4,0.2,0.8,0.0,0.5,0.5,0.2,0.0,1,0,2
P08_C2,8,2,Low_to_High,5,post_switch,0.6,0.8,0.4,0.0,-0.2,0.4,0.4,0.5,0.5,0.6,0.0,3,4,2
P08_C2,8,2,Low_to_High,6,post_switch,1.0,0.8,0.8,0.0,0.2,0.8,0.8,0.5,0.5,1.0,0.0,5,4,4
P09_C1,9,1,High_to_Low,1,pre_switch,0.6,0.8,0.6,0.4,-0.2,0.4,0.2,0.5,0.7,0.4,0.0,3,4,3
P09_C1,9,1,High_to_Low,2,pre_switch,0.6,0.6,0.4,0.6,0.0,0.2,-0.2,0.5,0.5,0.4,0.0,3,3,2
P09_C1,9,1,High_to_Low,3,pre_switch,1.0,0.8,0.8,0.0,0.2,0.8,0.8,0.5,0.5,1.0,0.0,5,4,4
P09_C1,9,1,High_to_Low,4,pre_switch,1.0,1.0,1.0,0.4,0.0,1.0,0.6,0.5,0.55,0.6,0.0,5,5,5
P09_C1,9,1,High_to_Low,5,post_switch,0.8,0.2,0.0,0.0,0.6,0.0,0.0,0.5,0.5,0.8,0.0,4,1,0
P09_C1,9,1,High_to_Low,6,post_switch,1.0,0.2,0.2,0.0,0.8,0.2,0.2,0.5,0.5,1.0,0.0,5,1,1
P09_C2,9,2,Low_to_High,1,pre_switch,0.0,0.2,0.2,0.0,-0.2,0.8,0.2,0.35,0.25,0.0,0.0,0,1,1
P09_C2,9,2,Low_to_High,2,pre_switch,0.0,0.4,0.2,0.2,-0.4,0.6,0.0,0.55,0.0,0.0,0.0,0,2,1
P09_C2,9,2,Low_to_High,3,pre_switch,0.0,0.2,0.0,0.0,-0.2,0.8,0.0,0.3,0.25,0.0,0.0,0,1,0
P09_C2,9,2,Low_to_High,4,pre_switch,0.2,0.0,0.2,0.4,0.2,0.8,-0.2,0.35,0.2,0.2,0.0,1,0,1
P09_C2,9,2,Low_to_High,5,post_switch,0.0,0.8,0.0,0.0,-0.8,0.2,0.0,0.45,0.3,0.0,0.0,0,4,0
P09_C2,9,2,Low_to_High,6,post_switch,0.0,0.8,0.0,0.0,-0.8,0.2,0.0,0.5,0.2,0.0,0.0,0,4,0
